file,class,type,cbo,cboModified,fanin,fanout,wmc,dit,noc,rfc,lcom,lcom*,tcc,lcc,totalMethodsQty,staticMethodsQty,publicMethodsQty,privateMethodsQty,protectedMethodsQty,defaultMethodsQty,visibleMethodsQty,abstractMethodsQty,finalMethodsQty,synchronizedMethodsQty,totalFieldsQty,staticFieldsQty,publicFieldsQty,privateFieldsQty,protectedFieldsQty,defaultFieldsQty,finalFieldsQty,synchronizedFieldsQty,nosi,loc,returnQty,loopQty,comparisonsQty,tryCatchQty,parenthesizedExpsQty,stringLiteralsQty,numbersQty,assignmentsQty,mathOperationsQty,variablesQty,maxNestedBlocksQty,anonymousClassesQty,innerClassesQty,lambdasQty,uniqueWordsQty,modifiers,logStatementsQty
E:\Siva_Finalproject_NDP_Classes\booknotes\java\java-concurrency-in-practice\chapter-03\examples\src\main\java\Examples.java,NoVisibility,innerclass,1,1,0,1,5,1,0,2,0,0.0,0.0,0.0,2,0,2,0,0,0,2,0,0,0,2,0,0,2,0,0,0,0,0,21,0,1,1,1,0,1,3,2,1,2,1,0,0,0,13,9,0
E:\Siva_Finalproject_NDP_Classes\booknotes\java\java-concurrency-in-practice\chapter-13\examples\src\main\java\Examples.java,InterruptibleLock,innerclass,2,2,0,2,4,1,0,8,0,0.0,0.0,0.0,2,0,2,0,0,0,2,0,0,0,1,0,0,1,0,0,1,0,0,27,0,0,0,2,0,1,1,1,1,1,1,0,0,0,10,9,0
E:\Siva_Finalproject_NDP_Classes\booknotes\java\java-concurrency-in-practice\chapter-14\examples\src\main\java\Examples.java,ExplicitConditionQueue,innerclass,8,8,0,8,10,1,0,11,0,0.5666667,0.0,0.0,6,0,4,2,0,0,4,0,0,0,5,0,0,5,0,0,5,0,0,47,4,2,2,2,0,0,3,6,2,6,2,0,0,0,23,9,0
E:\Siva_Finalproject_NDP_Classes\booknotes\java\java-concurrency-in-practice\chapter-11\examples\src\main\java\Examples.java,SmallLockScopeExample,innerclass,4,4,0,4,3,1,0,3,0,0.0,0.0,0.0,2,0,2,0,0,0,2,0,0,1,1,0,0,1,0,0,1,0,0,14,2,0,1,0,0,0,0,2,0,2,1,0,0,0,15,9,0
E:\Siva_Finalproject_NDP_Classes\booknotes\java\java-concurrency-in-practice\chapter-13\examples\src\main\java\Examples.java,TimeBudget,innerclass,2,2,0,2,4,1,0,8,0,0.0,0.0,0.0,2,0,2,0,0,0,2,0,0,0,1,0,0,1,0,0,1,0,0,27,1,0,0,2,0,2,1,1,1,1,1,0,0,0,22,9,0
E:\Siva_Finalproject_NDP_Classes\booknotes\java\java-concurrency-in-practice\chapter-04\examples\src\main\java\Examples.java,UnsafeNumberRange,innerclass,2,2,0,2,7,1,0,2,0,0.2,0.0,0.0,5,0,5,0,0,0,5,0,0,0,2,0,0,2,0,0,2,0,0,22,2,0,0,0,0,4,0,2,2,2,1,0,0,0,16,9,0
E:\Siva_Finalproject_NDP_Classes\booknotes\java\java-concurrency-in-practice\chapter-13\examples\src\main\java\Examples.java,DeadlockPrevention,innerclass,5,5,0,5,11,1,0,15,6,0.6,0.0,0.0,5,0,2,3,0,0,2,0,0,0,3,0,0,3,0,0,2,0,0,60,3,1,0,3,1,1,9,6,5,6,4,0,0,2,34,9,0
E:\Siva_Finalproject_NDP_Classes\booknotes\java\java-concurrency-in-practice\chapter-11\examples\src\main\java\Examples.java,LockStripingExample,innerclass,4,4,0,4,3,1,0,3,0,0.0,0.0,0.0,2,0,2,0,0,0,2,0,0,0,1,0,0,1,0,0,1,0,0,11,2,0,1,0,0,0,0,2,0,2,1,0,0,0,15,9,0
E:\Siva_Finalproject_NDP_Classes\booknotes\java\java-concurrency-in-practice\chapter-02\examples\src\main\java\Examples.java,SafeHitCounter,innerclass,1,1,0,1,2,1,0,2,0,0.0,0.0,0.0,2,0,2,0,0,0,2,0,0,0,1,0,0,1,0,0,0,0,0,9,1,0,0,0,0,0,1,1,0,1,0,0,0,0,9,8,0
E:\Siva_Finalproject_NDP_Classes\booknotes\java\java-concurrency-in-practice\chapter-01\examples\src\main\java\Examples.java,Examples$UnsafeSequence,innerclass,0,0,0,0,1,1,0,0,0,0.0,NaN,NaN,1,0,1,0,0,0,1,0,0,0,1,0,0,1,0,0,0,0,0,6,1,0,0,0,0,0,0,0,0,1,0,0,0,0,5,8,0
E:\Siva_Finalproject_NDP_Classes\booknotes\java\java-concurrency-in-practice\chapter-11\examples\src\main\java\Examples.java,BigLockScopeExample,innerclass,4,4,0,4,3,1,0,3,0,0.0,0.0,0.0,2,0,2,0,0,0,2,0,0,2,1,0,0,1,0,0,1,0,0,11,2,0,1,0,0,0,0,2,0,2,1,0,0,0,14,9,0
E:\Siva_Finalproject_NDP_Classes\booknotes\java\java-concurrency-in-practice\chapter-02\examples\src\main\java\Examples.java,UnsafeCache,innerclass,3,3,0,3,3,1,0,3,0,0.0,0.0,0.0,2,0,2,0,0,0,2,0,0,0,1,0,0,0,0,1,0,0,0,11,1,0,0,0,0,0,3,1,1,1,1,0,0,0,7,8,0
E:\Siva_Finalproject_NDP_Classes\booknotes\java\java-concurrency-in-practice\chapter-14\examples\src\main\java\Examples.java,Sync,innerclass,1,2,1,1,9,1,0,3,6,0.0,0.0,0.0,4,0,0,0,4,0,4,0,0,0,0,0,0,0,0,0,0,0,0,23,2,2,0,0,0,0,4,3,2,3,2,0,0,0,19,10,0
E:\Siva_Finalproject_NDP_Classes\booknotes\java\java-concurrency-in-practice\chapter-02\examples\src\main\java\Examples.java,UnsafeHitCounter,innerclass,0,0,0,0,2,1,0,0,0,0.0,0.0,0.0,2,0,2,0,0,0,2,0,0,0,1,0,0,1,0,0,0,0,0,9,1,0,0,0,0,0,0,0,0,1,0,0,0,0,7,8,0
E:\Siva_Finalproject_NDP_Classes\booknotes\java\java-concurrency-in-practice\chapter-02\examples\src\main\java\Examples.java,SafeCache,innerclass,3,3,0,3,2,1,0,2,0,0.0,0.0,0.0,2,0,2,0,0,0,2,0,0,0,1,0,0,0,0,1,0,0,0,9,1,0,0,0,0,0,3,1,1,1,0,0,0,0,7,8,0
E:\Siva_Finalproject_NDP_Classes\booknotes\java\java-concurrency-in-practice\chapter-11\examples\src\main\java\Examples.java,LockScopeExample,interface,0,4,4,0,2,1,6,0,1,0.0,0.0,0.0,2,0,0,0,0,2,2,0,0,0,0,0,0,0,0,0,0,0,0,4,0,0,0,0,0,0,0,0,0,0,0,0,0,0,10,1,0
E:\Siva_Finalproject_NDP_Classes\booknotes\java\java-concurrency-in-practice\chapter-01\examples\src\main\java\Examples.java,Examples$SafeSequence,innerclass,0,0,0,0,1,1,0,0,0,0.0,NaN,NaN,1,0,1,0,0,0,1,0,0,1,1,0,0,1,0,0,0,0,0,6,1,0,0,0,0,0,0,0,0,1,0,0,0,0,5,8,0
E:\Siva_Finalproject_NDP_Classes\booknotes\java\java-concurrency-in-practice\chapter-10\examples\src\main\java\Examples.java,NoDeadlockExample,innerclass,2,2,0,2,2,1,0,1,0,0.0,0.0,0.0,2,0,2,0,0,0,2,0,0,0,2,0,0,2,0,0,2,0,0,18,0,0,0,0,0,0,2,2,0,2,2,0,0,0,10,9,0
E:\Siva_Finalproject_NDP_Classes\booknotes\java\java-concurrency-in-practice\chapter-10\examples\src\main\java\Examples.java,DeadlockExample,innerclass,2,2,0,2,2,1,0,1,0,0.0,0.0,0.0,2,0,2,0,0,0,2,0,0,0,2,0,0,2,0,0,2,0,0,18,0,0,0,0,0,0,2,2,0,2,2,0,0,0,9,9,0
E:\Siva_Finalproject_NDP_Classes\booknotes\java\java-concurrency-in-practice\chapter-14\examples\src\main\java\Examples.java,AQS,innerclass,7,7,0,7,4,1,0,6,0,0.375,0.0,0.0,4,0,4,0,0,0,4,0,0,0,4,0,0,4,0,0,4,0,0,53,2,0,0,0,0,0,6,5,2,5,1,0,1,0,19,9,0
E:\Siva_Finalproject_NDP_Classes\booknotes\java\java-concurrency-in-practice\chapter-02\examples\src\main\java\Examples.java,NonAtomicCompoundCache,innerclass,3,3,0,3,3,1,0,3,0,0.0,0.0,0.0,2,0,2,0,0,0,2,0,0,0,1,0,0,0,0,1,0,0,0,11,1,0,0,0,0,0,3,1,1,1,1,0,0,0,9,8,0
E:\Siva_Finalproject_NDP_Classes\booknotes\java\java-concurrency-in-practice\chapter-16\examples\src\main\java\Examples.java,Synchronization,interface,0,3,3,0,2,1,4,0,1,0.0,0.0,0.0,2,0,0,0,0,2,2,0,0,0,0,0,0,0,0,0,0,0,0,4,0,0,0,0,0,0,0,0,0,0,0,0,0,0,4,1,0
E:\Siva_Finalproject_NDP_Classes\booknotes\java\java-concurrency-in-practice\chapter-14\examples\src\main\java\Examples.java,Stack,interface,1,5,4,1,3,1,0,0,3,0.0,0.0,0.0,3,0,0,0,0,3,3,0,0,0,0,0,0,0,0,0,0,0,0,5,0,0,0,0,0,0,0,0,0,0,0,0,0,0,8,1,0
E:\Siva_Finalproject_NDP_Classes\booknotes\java\java-concurrency-in-practice\chapter-04\examples\src\main\java\Examples.java,ListHelper,innerclass,2,2,0,2,2,1,0,3,0,0.0,NaN,NaN,1,0,1,0,0,0,1,0,0,1,1,0,1,0,0,0,0,0,0,8,1,0,0,0,0,0,0,2,0,2,1,0,0,0,7,9,0
E:\Siva_Finalproject_NDP_Classes\booknotes\java\java-concurrency-in-practice\chapter-16\examples\src\main\java\Examples.java,PiggybackedSynchronization,innerclass,3,3,0,3,6,1,0,6,0,0.0,0.0,0.0,2,0,2,0,0,0,2,0,0,0,2,0,0,2,0,0,1,0,0,27,1,1,0,2,0,0,2,3,0,2,3,0,0,0,13,9,0
E:\Siva_Finalproject_NDP_Classes\booknotes\java\java-concurrency-in-practice\chapter-14\examples\src\main\java\Examples.java,IntrinsicConditionQueue,innerclass,5,5,0,5,10,1,0,8,0,0.4166667,0.0,0.0,6,0,4,2,0,0,4,0,0,2,2,0,0,2,0,0,2,0,0,32,4,2,2,0,0,0,3,3,2,3,1,0,0,0,20,9,0
E:\Siva_Finalproject_NDP_Classes\booknotes\java\java-concurrency-in-practice\chapter-16\examples\src\main\java\Main.java,Main,class,4,30,1,29,4,1,0,8,1,1.0,NaN,NaN,2,2,1,1,0,0,1,0,0,0,1,1,0,1,0,0,0,0,0,22,1,1,0,0,1,7,5,3,4,3,2,0,0,0,29,1,0
E:\Siva_Finalproject_NDP_Classes\booknotes\java\java-concurrency-in-practice\chapter-01\examples\src\main\java\Chapter01.java,Chapter01,class,3,4,1,3,4,1,0,8,1,0.0,0.0,0.0,2,2,2,0,0,0,2,0,0,0,0,0,0,0,0,0,0,0,3,23,0,1,0,1,0,0,4,4,0,4,1,0,0,0,17,1,0
E:\Siva_Finalproject_NDP_Classes\booknotes\java\java-concurrency-in-practice\chapter-16\examples\src\main\java\Examples.java,Examples,class,1,6,0,6,0,1,0,0,0,0.0,-1.0,-1.0,0,0,0,0,0,0,0,0,0,0,0,0,0,0,0,0,0,0,0,49,0,0,0,0,0,0,0,0,0,0,0,0,3,0,1,1,0
E:\Siva_Finalproject_NDP_Classes\booknotes\java\java-concurrency-in-practice\chapter-16\examples\src\main\java\Examples.java,UnsynchronizedExample,innerclass,1,1,0,1,4,1,0,3,0,0.0,0.0,0.0,2,0,2,0,0,0,2,0,0,0,1,0,0,1,0,0,0,0,0,16,0,1,0,1,0,0,1,2,0,1,1,0,0,0,13,9,0
E:\Siva_Finalproject_NDP_Classes\booknotes\java\java-concurrency-in-practice\chapter-02\examples\src\main\java\Chapter02.java,Chapter02,class,6,7,1,6,9,1,0,13,3,0.0,0.0,0.0,3,3,3,0,0,0,3,0,0,0,0,0,0,0,0,0,0,0,4,55,0,3,2,1,0,9,12,12,1,12,2,0,0,2,44,1,0
E:\Siva_Finalproject_NDP_Classes\booknotes\java\java-concurrency-in-practice\chapter-02\examples\src\main\java\Examples.java,Cache,interface,0,4,4,0,2,1,6,0,1,0.0,0.0,0.0,2,0,0,0,0,2,2,0,0,0,0,0,0,0,0,0,0,0,0,4,0,0,0,0,0,0,0,0,0,0,0,0,0,0,5,0,0
E:\Siva_Finalproject_NDP_Classes\booknotes\java\java-concurrency-in-practice\chapter-10\examples\src\main\java\Examples.java,LeftRight,interface,0,3,3,0,2,1,4,0,1,0.0,0.0,0.0,2,0,2,0,0,0,2,0,0,0,0,0,0,0,0,0,0,0,0,4,0,0,0,0,0,0,0,0,0,0,0,0,0,0,6,1,0
