file,class,method,variable,usage
E:\Siva_Finalproject_NDP_Classes\booknotes\java\java-concurrency-in-practice\chapter-03\examples\src\main\java\Examples.java,NoVisibility,initialize/0,e,1
E:\Siva_Finalproject_NDP_Classes\booknotes\java\java-concurrency-in-practice\chapter-13\examples\src\main\java\Examples.java,InterruptibleLock,acquireLockInterruptibly/0,e,0
E:\Siva_Finalproject_NDP_Classes\booknotes\java\java-concurrency-in-practice\chapter-13\examples\src\main\java\Examples.java,InterruptibleLock,acquireLock/0,e,0
E:\Siva_Finalproject_NDP_Classes\booknotes\java\java-concurrency-in-practice\chapter-14\examples\src\main\java\Examples.java,ExplicitConditionQueue,ExplicitConditionQueue/1[int],bound,2
E:\Siva_Finalproject_NDP_Classes\booknotes\java\java-concurrency-in-practice\chapter-14\examples\src\main\java\Examples.java,ExplicitConditionQueue,pop/0,r,1
E:\Siva_Finalproject_NDP_Classes\booknotes\java\java-concurrency-in-practice\chapter-14\examples\src\main\java\Examples.java,ExplicitConditionQueue,push/1[T],value,1
E:\Siva_Finalproject_NDP_Classes\booknotes\java\java-concurrency-in-practice\chapter-11\examples\src\main\java\Examples.java,SmallLockScopeExample,"userLocationMatches/2[String,String]",regexp,1
E:\Siva_Finalproject_NDP_Classes\booknotes\java\java-concurrency-in-practice\chapter-11\examples\src\main\java\Examples.java,SmallLockScopeExample,"userLocationMatches/2[String,String]",location,3
E:\Siva_Finalproject_NDP_Classes\booknotes\java\java-concurrency-in-practice\chapter-11\examples\src\main\java\Examples.java,SmallLockScopeExample,"userLocationMatches/2[String,String]",user,1
E:\Siva_Finalproject_NDP_Classes\booknotes\java\java-concurrency-in-practice\chapter-11\examples\src\main\java\Examples.java,SmallLockScopeExample,"addUserLocation/2[String,String]",loc,1
E:\Siva_Finalproject_NDP_Classes\booknotes\java\java-concurrency-in-practice\chapter-11\examples\src\main\java\Examples.java,SmallLockScopeExample,"addUserLocation/2[String,String]",user,1
E:\Siva_Finalproject_NDP_Classes\booknotes\java\java-concurrency-in-practice\chapter-13\examples\src\main\java\Examples.java,TimeBudget,acquireLockWithTimeout/1[int],timeoutInS,1
E:\Siva_Finalproject_NDP_Classes\booknotes\java\java-concurrency-in-practice\chapter-13\examples\src\main\java\Examples.java,TimeBudget,acquireLock/0,e,0
E:\Siva_Finalproject_NDP_Classes\booknotes\java\java-concurrency-in-practice\chapter-04\examples\src\main\java\Examples.java,UnsafeNumberRange,setLower/1[int],i,3
E:\Siva_Finalproject_NDP_Classes\booknotes\java\java-concurrency-in-practice\chapter-04\examples\src\main\java\Examples.java,UnsafeNumberRange,setUpper/1[int],i,3
E:\Siva_Finalproject_NDP_Classes\booknotes\java\java-concurrency-in-practice\chapter-04\examples\src\main\java\Examples.java,UnsafeNumberRange,"UnsafeNumberRange/2[int,int]",lower,2
E:\Siva_Finalproject_NDP_Classes\booknotes\java\java-concurrency-in-practice\chapter-04\examples\src\main\java\Examples.java,UnsafeNumberRange,"UnsafeNumberRange/2[int,int]",upper,2
E:\Siva_Finalproject_NDP_Classes\booknotes\java\java-concurrency-in-practice\chapter-13\examples\src\main\java\Examples.java,DeadlockPrevention,"withTimeout/2[Supplier<Boolean>,int]",rand,1
E:\Siva_Finalproject_NDP_Classes\booknotes\java\java-concurrency-in-practice\chapter-13\examples\src\main\java\Examples.java,DeadlockPrevention,"withTimeout/2[Supplier<Boolean>,int]",s,1
E:\Siva_Finalproject_NDP_Classes\booknotes\java\java-concurrency-in-practice\chapter-13\examples\src\main\java\Examples.java,DeadlockPrevention,"withTimeout/2[Supplier<Boolean>,int]",timeoutInS,1
E:\Siva_Finalproject_NDP_Classes\booknotes\java\java-concurrency-in-practice\chapter-13\examples\src\main\java\Examples.java,DeadlockPrevention,"withTimeout/2[Supplier<Boolean>,int]",e,0
E:\Siva_Finalproject_NDP_Classes\booknotes\java\java-concurrency-in-practice\chapter-13\examples\src\main\java\Examples.java,DeadlockPrevention,"withTimeout/2[Supplier<Boolean>,int]",cnt,0
E:\Siva_Finalproject_NDP_Classes\booknotes\java\java-concurrency-in-practice\chapter-13\examples\src\main\java\Examples.java,DeadlockPrevention,"withTimeout/2[Supplier<Boolean>,int]",stopTime,1
E:\Siva_Finalproject_NDP_Classes\booknotes\java\java-concurrency-in-practice\chapter-13\examples\src\main\java\Examples.java,DeadlockPrevention,"doubleLock/2[Lock,Lock]",first,1
E:\Siva_Finalproject_NDP_Classes\booknotes\java\java-concurrency-in-practice\chapter-13\examples\src\main\java\Examples.java,DeadlockPrevention,"doubleLock/2[Lock,Lock]",second,1
E:\Siva_Finalproject_NDP_Classes\booknotes\java\java-concurrency-in-practice\chapter-13\examples\src\main\java\Examples.java,DeadlockPrevention,"attemptLocks/2[Lock,Lock]",e,0
E:\Siva_Finalproject_NDP_Classes\booknotes\java\java-concurrency-in-practice\chapter-13\examples\src\main\java\Examples.java,DeadlockPrevention,"attemptLocks/2[Lock,Lock]",first,2
E:\Siva_Finalproject_NDP_Classes\booknotes\java\java-concurrency-in-practice\chapter-13\examples\src\main\java\Examples.java,DeadlockPrevention,"attemptLocks/2[Lock,Lock]",second,2
E:\Siva_Finalproject_NDP_Classes\booknotes\java\java-concurrency-in-practice\chapter-11\examples\src\main\java\Examples.java,LockStripingExample,"addUserLocation/2[String,String]",loc,1
E:\Siva_Finalproject_NDP_Classes\booknotes\java\java-concurrency-in-practice\chapter-11\examples\src\main\java\Examples.java,LockStripingExample,"addUserLocation/2[String,String]",user,1
E:\Siva_Finalproject_NDP_Classes\booknotes\java\java-concurrency-in-practice\chapter-11\examples\src\main\java\Examples.java,LockStripingExample,"userLocationMatches/2[String,String]",regexp,1
E:\Siva_Finalproject_NDP_Classes\booknotes\java\java-concurrency-in-practice\chapter-11\examples\src\main\java\Examples.java,LockStripingExample,"userLocationMatches/2[String,String]",location,2
E:\Siva_Finalproject_NDP_Classes\booknotes\java\java-concurrency-in-practice\chapter-11\examples\src\main\java\Examples.java,LockStripingExample,"userLocationMatches/2[String,String]",user,1
E:\Siva_Finalproject_NDP_Classes\booknotes\java\java-concurrency-in-practice\chapter-11\examples\src\main\java\Examples.java,BigLockScopeExample,"userLocationMatches/2[String,String]",regexp,1
E:\Siva_Finalproject_NDP_Classes\booknotes\java\java-concurrency-in-practice\chapter-11\examples\src\main\java\Examples.java,BigLockScopeExample,"userLocationMatches/2[String,String]",loc,2
E:\Siva_Finalproject_NDP_Classes\booknotes\java\java-concurrency-in-practice\chapter-11\examples\src\main\java\Examples.java,BigLockScopeExample,"userLocationMatches/2[String,String]",user,1
E:\Siva_Finalproject_NDP_Classes\booknotes\java\java-concurrency-in-practice\chapter-11\examples\src\main\java\Examples.java,BigLockScopeExample,"addUserLocation/2[String,String]",loc,1
E:\Siva_Finalproject_NDP_Classes\booknotes\java\java-concurrency-in-practice\chapter-11\examples\src\main\java\Examples.java,BigLockScopeExample,"addUserLocation/2[String,String]",user,1
E:\Siva_Finalproject_NDP_Classes\booknotes\java\java-concurrency-in-practice\chapter-02\examples\src\main\java\Examples.java,UnsafeCache,setValue/1[int],key,3
E:\Siva_Finalproject_NDP_Classes\booknotes\java\java-concurrency-in-practice\chapter-02\examples\src\main\java\Examples.java,UnsafeCache,getValue/1[int],key,1
E:\Siva_Finalproject_NDP_Classes\booknotes\java\java-concurrency-in-practice\chapter-14\examples\src\main\java\Examples.java,Sync,tryReleaseShared/1[int],ignored,0
E:\Siva_Finalproject_NDP_Classes\booknotes\java\java-concurrency-in-practice\chapter-14\examples\src\main\java\Examples.java,Sync,tryReleaseShared/1[int],state,2
E:\Siva_Finalproject_NDP_Classes\booknotes\java\java-concurrency-in-practice\chapter-14\examples\src\main\java\Examples.java,Sync,tryAcquireShared/1[int],ignored,0
E:\Siva_Finalproject_NDP_Classes\booknotes\java\java-concurrency-in-practice\chapter-14\examples\src\main\java\Examples.java,Sync,tryAcquireShared/1[int],state,2
E:\Siva_Finalproject_NDP_Classes\booknotes\java\java-concurrency-in-practice\chapter-14\examples\src\main\java\Examples.java,Sync,tryAcquireShared/1[int],target,3
E:\Siva_Finalproject_NDP_Classes\booknotes\java\java-concurrency-in-practice\chapter-14\examples\src\main\java\Examples.java,Sync,Sync/1[int],initialState,1
E:\Siva_Finalproject_NDP_Classes\booknotes\java\java-concurrency-in-practice\chapter-02\examples\src\main\java\Examples.java,SafeCache,getValue/1[int],key,1
E:\Siva_Finalproject_NDP_Classes\booknotes\java\java-concurrency-in-practice\chapter-02\examples\src\main\java\Examples.java,SafeCache,setValue/1[int],key,2
E:\Siva_Finalproject_NDP_Classes\booknotes\java\java-concurrency-in-practice\chapter-11\examples\src\main\java\Examples.java,LockScopeExample,"addUserLocation/2[String,String]",loc,0
E:\Siva_Finalproject_NDP_Classes\booknotes\java\java-concurrency-in-practice\chapter-11\examples\src\main\java\Examples.java,LockScopeExample,"addUserLocation/2[String,String]",user,0
E:\Siva_Finalproject_NDP_Classes\booknotes\java\java-concurrency-in-practice\chapter-11\examples\src\main\java\Examples.java,LockScopeExample,"userLocationMatches/2[String,String]",regexp,0
E:\Siva_Finalproject_NDP_Classes\booknotes\java\java-concurrency-in-practice\chapter-11\examples\src\main\java\Examples.java,LockScopeExample,"userLocationMatches/2[String,String]",user,0
E:\Siva_Finalproject_NDP_Classes\booknotes\java\java-concurrency-in-practice\chapter-14\examples\src\main\java\Examples.java,AQS,push/1[T],value,1
E:\Siva_Finalproject_NDP_Classes\booknotes\java\java-concurrency-in-practice\chapter-14\examples\src\main\java\Examples.java,AQS,AQS/1[int],bound,3
E:\Siva_Finalproject_NDP_Classes\booknotes\java\java-concurrency-in-practice\chapter-14\examples\src\main\java\Examples.java,AQS,pop/0,r,1
E:\Siva_Finalproject_NDP_Classes\booknotes\java\java-concurrency-in-practice\chapter-02\examples\src\main\java\Examples.java,NonAtomicCompoundCache,setValue/1[int],key,3
E:\Siva_Finalproject_NDP_Classes\booknotes\java\java-concurrency-in-practice\chapter-02\examples\src\main\java\Examples.java,NonAtomicCompoundCache,getValue/1[int],key,1
E:\Siva_Finalproject_NDP_Classes\booknotes\java\java-concurrency-in-practice\chapter-14\examples\src\main\java\Examples.java,Stack,push/1[T],value,0
E:\Siva_Finalproject_NDP_Classes\booknotes\java\java-concurrency-in-practice\chapter-04\examples\src\main\java\Examples.java,ListHelper,putIfAbsent/1[E],x,2
E:\Siva_Finalproject_NDP_Classes\booknotes\java\java-concurrency-in-practice\chapter-04\examples\src\main\java\Examples.java,ListHelper,putIfAbsent/1[E],absent,2
E:\Siva_Finalproject_NDP_Classes\booknotes\java\java-concurrency-in-practice\chapter-16\examples\src\main\java\Examples.java,PiggybackedSynchronization,readState/0,e,0
E:\Siva_Finalproject_NDP_Classes\booknotes\java\java-concurrency-in-practice\chapter-16\examples\src\main\java\Examples.java,PiggybackedSynchronization,mutateState/0,e,0
E:\Siva_Finalproject_NDP_Classes\booknotes\java\java-concurrency-in-practice\chapter-14\examples\src\main\java\Examples.java,IntrinsicConditionQueue,IntrinsicConditionQueue/1[int],bound,2
E:\Siva_Finalproject_NDP_Classes\booknotes\java\java-concurrency-in-practice\chapter-14\examples\src\main\java\Examples.java,IntrinsicConditionQueue,push/1[T],value,1
E:\Siva_Finalproject_NDP_Classes\booknotes\java\java-concurrency-in-practice\chapter-14\examples\src\main\java\Examples.java,IntrinsicConditionQueue,pop/0,r,1
E:\Siva_Finalproject_NDP_Classes\booknotes\java\java-concurrency-in-practice\chapter-16\examples\src\main\java\Main.java,Main,main/1[String[]],args,0
E:\Siva_Finalproject_NDP_Classes\booknotes\java\java-concurrency-in-practice\chapter-16\examples\src\main\java\Main.java,Main,"testSynchronization/2[Examples.Synchronization,int]",i,3
E:\Siva_Finalproject_NDP_Classes\booknotes\java\java-concurrency-in-practice\chapter-16\examples\src\main\java\Main.java,Main,"testSynchronization/2[Examples.Synchronization,int]",cls,3
E:\Siva_Finalproject_NDP_Classes\booknotes\java\java-concurrency-in-practice\chapter-16\examples\src\main\java\Main.java,Main,"testSynchronization/2[Examples.Synchronization,int]",exec,4
E:\Siva_Finalproject_NDP_Classes\booknotes\java\java-concurrency-in-practice\chapter-16\examples\src\main\java\Main.java,Main,"testSynchronization/2[Examples.Synchronization,int]",attempts,1
E:\Siva_Finalproject_NDP_Classes\booknotes\java\java-concurrency-in-practice\chapter-01\examples\src\main\java\Chapter01.java,Chapter01,main/1[java.lang.String[]],args,0
E:\Siva_Finalproject_NDP_Classes\booknotes\java\java-concurrency-in-practice\chapter-01\examples\src\main\java\Chapter01.java,Chapter01,main/1[java.lang.String[]],safeSeq,2
E:\Siva_Finalproject_NDP_Classes\booknotes\java\java-concurrency-in-practice\chapter-01\examples\src\main\java\Chapter01.java,Chapter01,main/1[java.lang.String[]],unsafeSeq,2
E:\Siva_Finalproject_NDP_Classes\booknotes\java\java-concurrency-in-practice\chapter-01\examples\src\main\java\Chapter01.java,Chapter01,parallelize/1[java.lang.Runnable],svc,3
E:\Siva_Finalproject_NDP_Classes\booknotes\java\java-concurrency-in-practice\chapter-01\examples\src\main\java\Chapter01.java,Chapter01,parallelize/1[java.lang.Runnable],r,1
E:\Siva_Finalproject_NDP_Classes\booknotes\java\java-concurrency-in-practice\chapter-01\examples\src\main\java\Chapter01.java,Chapter01,parallelize/1[java.lang.Runnable],e,1
E:\Siva_Finalproject_NDP_Classes\booknotes\java\java-concurrency-in-practice\chapter-01\examples\src\main\java\Chapter01.java,Chapter01,parallelize/1[java.lang.Runnable],i,2
E:\Siva_Finalproject_NDP_Classes\booknotes\java\java-concurrency-in-practice\chapter-16\examples\src\main\java\Examples.java,UnsynchronizedExample,mutateState/0,e,0
E:\Siva_Finalproject_NDP_Classes\booknotes\java\java-concurrency-in-practice\chapter-02\examples\src\main\java\Chapter02.java,Chapter02,testCache/1[Examples.Cache],actual,1
E:\Siva_Finalproject_NDP_Classes\booknotes\java\java-concurrency-in-practice\chapter-02\examples\src\main\java\Chapter02.java,Chapter02,testCache/1[Examples.Cache],cache,3
E:\Siva_Finalproject_NDP_Classes\booknotes\java\java-concurrency-in-practice\chapter-02\examples\src\main\java\Chapter02.java,Chapter02,testCache/1[Examples.Cache],violationsCnt,3
E:\Siva_Finalproject_NDP_Classes\booknotes\java\java-concurrency-in-practice\chapter-02\examples\src\main\java\Chapter02.java,Chapter02,testCache/1[Examples.Cache],cnt1,2
E:\Siva_Finalproject_NDP_Classes\booknotes\java\java-concurrency-in-practice\chapter-02\examples\src\main\java\Chapter02.java,Chapter02,testCache/1[Examples.Cache],cnt2,1
E:\Siva_Finalproject_NDP_Classes\booknotes\java\java-concurrency-in-practice\chapter-02\examples\src\main\java\Chapter02.java,Chapter02,testCache/1[Examples.Cache],i,3
E:\Siva_Finalproject_NDP_Classes\booknotes\java\java-concurrency-in-practice\chapter-02\examples\src\main\java\Chapter02.java,Chapter02,main/1[java.lang.String[]],args,0
E:\Siva_Finalproject_NDP_Classes\booknotes\java\java-concurrency-in-practice\chapter-02\examples\src\main\java\Chapter02.java,Chapter02,main/1[java.lang.String[]],nonAtomicCompoundCache,1
E:\Siva_Finalproject_NDP_Classes\booknotes\java\java-concurrency-in-practice\chapter-02\examples\src\main\java\Chapter02.java,Chapter02,main/1[java.lang.String[]],safe,2
E:\Siva_Finalproject_NDP_Classes\booknotes\java\java-concurrency-in-practice\chapter-02\examples\src\main\java\Chapter02.java,Chapter02,main/1[java.lang.String[]],unsafeCache,1
E:\Siva_Finalproject_NDP_Classes\booknotes\java\java-concurrency-in-practice\chapter-02\examples\src\main\java\Chapter02.java,Chapter02,main/1[java.lang.String[]],threadSafeCache,1
E:\Siva_Finalproject_NDP_Classes\booknotes\java\java-concurrency-in-practice\chapter-02\examples\src\main\java\Chapter02.java,Chapter02,main/1[java.lang.String[]],unsafe,2
E:\Siva_Finalproject_NDP_Classes\booknotes\java\java-concurrency-in-practice\chapter-02\examples\src\main\java\Chapter02.java,Chapter02,"parallelize/2[int,java.lang.Runnable[]]",rs,1
E:\Siva_Finalproject_NDP_Classes\booknotes\java\java-concurrency-in-practice\chapter-02\examples\src\main\java\Chapter02.java,Chapter02,"parallelize/2[int,java.lang.Runnable[]]",svc,3
E:\Siva_Finalproject_NDP_Classes\booknotes\java\java-concurrency-in-practice\chapter-02\examples\src\main\java\Chapter02.java,Chapter02,"parallelize/2[int,java.lang.Runnable[]]",r,1
E:\Siva_Finalproject_NDP_Classes\booknotes\java\java-concurrency-in-practice\chapter-02\examples\src\main\java\Chapter02.java,Chapter02,"parallelize/2[int,java.lang.Runnable[]]",e,1
E:\Siva_Finalproject_NDP_Classes\booknotes\java\java-concurrency-in-practice\chapter-02\examples\src\main\java\Chapter02.java,Chapter02,"parallelize/2[int,java.lang.Runnable[]]",i,2
E:\Siva_Finalproject_NDP_Classes\booknotes\java\java-concurrency-in-practice\chapter-02\examples\src\main\java\Chapter02.java,Chapter02,"parallelize/2[int,java.lang.Runnable[]]",executionsCnt,1
E:\Siva_Finalproject_NDP_Classes\booknotes\java\java-concurrency-in-practice\chapter-02\examples\src\main\java\Examples.java,Cache,getValue/1[int],key,0
E:\Siva_Finalproject_NDP_Classes\booknotes\java\java-concurrency-in-practice\chapter-02\examples\src\main\java\Examples.java,Cache,setValue/1[int],key,0
