file,class,method,variable,usage
E:\Siva_Finalproject_NDP_Classes\libsu\service\src\main\java\com\topjohnwu\superuser\internal\HiddenAPIs.java,com.topjohnwu.superuser.internal.HiddenAPIs,setAppName/1[java.lang.String],setAppName,2
E:\Siva_Finalproject_NDP_Classes\libsu\service\src\main\java\com\topjohnwu\superuser\internal\HiddenAPIs.java,com.topjohnwu.superuser.internal.HiddenAPIs,"addService/2[java.lang.String,com.topjohnwu.superuser.internal.IBinder]",addService,4
E:\Siva_Finalproject_NDP_Classes\libsu\service\src\main\java\com\topjohnwu\superuser\internal\HiddenAPIs.java,com.topjohnwu.superuser.internal.HiddenAPIs,"attachBaseContext/2[java.lang.Object,com.topjohnwu.superuser.internal.Context]",attachBaseContext,2
E:\Siva_Finalproject_NDP_Classes\libsu\service\src\main\java\com\topjohnwu\superuser\internal\RootServiceServer.java,com.topjohnwu.superuser.internal.RootServiceServer$ServiceRecord,ServiceRecord/1[com.topjohnwu.superuser.ipc.RootService],service,1
E:\Siva_Finalproject_NDP_Classes\libsu\core\src\main\java\com\topjohnwu\superuser\internal\StreamGobbler.java,com.topjohnwu.superuser.internal.StreamGobbler$OUT,call/0,NO_RESULT_CODE,2
E:\Siva_Finalproject_NDP_Classes\libsu\core\src\main\java\com\topjohnwu\superuser\internal\UiThreadHandler.java,com.topjohnwu.superuser.internal.UiThreadHandler,runAndWait/1[java.lang.Runnable],handler,1
E:\Siva_Finalproject_NDP_Classes\libsu\core\src\main\java\com\topjohnwu\superuser\internal\UiThreadHandler.java,com.topjohnwu.superuser.internal.UiThreadHandler,run/1[java.lang.Runnable],handler,1
E:\Siva_Finalproject_NDP_Classes\libsu\core\src\main\java\com\topjohnwu\superuser\internal\WaitRunnable.java,com.topjohnwu.superuser.internal.WaitRunnable,run/0,r,2
E:\Siva_Finalproject_NDP_Classes\libsu\core\src\main\java\com\topjohnwu\superuser\internal\WaitRunnable.java,com.topjohnwu.superuser.internal.WaitRunnable,waitUntilDone/0,r,1
E:\Siva_Finalproject_NDP_Classes\libsu\core\src\main\java\com\topjohnwu\superuser\internal\WaitRunnable.java,com.topjohnwu.superuser.internal.WaitRunnable,WaitRunnable/1[java.lang.Runnable],r,1
E:\Siva_Finalproject_NDP_Classes\libsu\io\src\main\java\com\topjohnwu\superuser\internal\ShellIO.java,com.topjohnwu.superuser.internal.ShellIO,"write/3[byte[],int,int]",readOnly,1
E:\Siva_Finalproject_NDP_Classes\libsu\io\src\main\java\com\topjohnwu\superuser\internal\ShellIO.java,com.topjohnwu.superuser.internal.ShellIO,"write/3[byte[],int,int]",fileOff,3
E:\Siva_Finalproject_NDP_Classes\libsu\io\src\main\java\com\topjohnwu\superuser\internal\ShellIO.java,com.topjohnwu.superuser.internal.ShellIO,readLine/0,fileOff,3
E:\Siva_Finalproject_NDP_Classes\libsu\io\src\main\java\com\topjohnwu\superuser\internal\ShellIO.java,com.topjohnwu.superuser.internal.ShellIO,readLine/0,eof,3
E:\Siva_Finalproject_NDP_Classes\libsu\io\src\main\java\com\topjohnwu\superuser\internal\ShellIO.java,com.topjohnwu.superuser.internal.ShellIO,setLength/1[long],file,3
E:\Siva_Finalproject_NDP_Classes\libsu\io\src\main\java\com\topjohnwu\superuser\internal\ShellIO.java,com.topjohnwu.superuser.internal.ShellIO,setLength/1[long],TAG,1
E:\Siva_Finalproject_NDP_Classes\libsu\io\src\main\java\com\topjohnwu\superuser\internal\ShellIO.java,com.topjohnwu.superuser.internal.ShellIO,skipBytes/1[int],fileOff,4
E:\Siva_Finalproject_NDP_Classes\libsu\io\src\main\java\com\topjohnwu\superuser\internal\ShellIO.java,com.topjohnwu.superuser.internal.ShellIO,"ShellIO/2[com.topjohnwu.superuser.io.SuFile,java.lang.String]",file,8
E:\Siva_Finalproject_NDP_Classes\libsu\io\src\main\java\com\topjohnwu\superuser\internal\ShellIO.java,com.topjohnwu.superuser.internal.ShellIO,"ShellIO/2[com.topjohnwu.superuser.io.SuFile,java.lang.String]",fileOff,1
E:\Siva_Finalproject_NDP_Classes\libsu\io\src\main\java\com\topjohnwu\superuser\internal\ShellIO.java,com.topjohnwu.superuser.internal.ShellIO,"ShellIO/2[com.topjohnwu.superuser.io.SuFile,java.lang.String]",readOnly,1
E:\Siva_Finalproject_NDP_Classes\libsu\io\src\main\java\com\topjohnwu\superuser\internal\ShellIO.java,com.topjohnwu.superuser.internal.ShellIO,seek/1[long],fileOff,1
E:\Siva_Finalproject_NDP_Classes\libsu\io\src\main\java\com\topjohnwu\superuser\internal\ShellIO.java,com.topjohnwu.superuser.internal.ShellIO,seek/1[long],eof,1
E:\Siva_Finalproject_NDP_Classes\libsu\io\src\main\java\com\topjohnwu\superuser\internal\ShellIO.java,com.topjohnwu.superuser.internal.ShellIO,"write0/3[byte[],int,int]",file,3
E:\Siva_Finalproject_NDP_Classes\libsu\io\src\main\java\com\topjohnwu\superuser\internal\ShellIO.java,com.topjohnwu.superuser.internal.ShellIO,"write0/3[byte[],int,int]",fileOff,3
E:\Siva_Finalproject_NDP_Classes\libsu\io\src\main\java\com\topjohnwu\superuser\internal\ShellIO.java,com.topjohnwu.superuser.internal.ShellIO,"write0/3[byte[],int,int]",TAG,1
E:\Siva_Finalproject_NDP_Classes\libsu\io\src\main\java\com\topjohnwu\superuser\internal\ShellIO.java,com.topjohnwu.superuser.internal.ShellIO,"read/3[byte[],int,int]",fileOff,7
E:\Siva_Finalproject_NDP_Classes\libsu\io\src\main\java\com\topjohnwu\superuser\internal\ShellIO.java,com.topjohnwu.superuser.internal.ShellIO,"read/3[byte[],int,int]",eof,2
E:\Siva_Finalproject_NDP_Classes\libsu\io\src\main\java\com\topjohnwu\superuser\internal\ShellIO.java,com.topjohnwu.superuser.internal.ShellIO,length/0,file,1
E:\Siva_Finalproject_NDP_Classes\libsu\io\src\main\java\com\topjohnwu\superuser\internal\ShellIO.java,com.topjohnwu.superuser.internal.ShellIO,"alignedRead/5[byte[],int,int,int,int]",file,2
E:\Siva_Finalproject_NDP_Classes\libsu\io\src\main\java\com\topjohnwu\superuser\internal\ShellIO.java,com.topjohnwu.superuser.internal.ShellIO,"alignedRead/5[byte[],int,int,int,int]",TAG,1
E:\Siva_Finalproject_NDP_Classes\libsu\io\src\main\java\com\topjohnwu\superuser\internal\ShellIO.java,com.topjohnwu.superuser.internal.ShellIO,"alignedRead/5[byte[],int,int,int,int]",eof,2
E:\Siva_Finalproject_NDP_Classes\libsu\io\src\main\java\com\topjohnwu\superuser\internal\ShellIO.java,com.topjohnwu.superuser.internal.ShellIO,"get/2[com.topjohnwu.superuser.io.SuFile,java.lang.String]",file,4
E:\Siva_Finalproject_NDP_Classes\libsu\io\src\main\java\com\topjohnwu\superuser\internal\ShellIO.java,com.topjohnwu.superuser.internal.ShellIO,getFilePointer/0,fileOff,1
E:\Siva_Finalproject_NDP_Classes\libsu\nio\src\main\java\com\topjohnwu\superuser\internal\OpenFile.java,com.topjohnwu.superuser.internal.OpenFile,"pread/2[int,long]",read,1
E:\Siva_Finalproject_NDP_Classes\libsu\nio\src\main\java\com\topjohnwu\superuser\internal\OpenFile.java,com.topjohnwu.superuser.internal.OpenFile,"pread/2[int,long]",FORCE_NO_SPLICE,1
E:\Siva_Finalproject_NDP_Classes\libsu\nio\src\main\java\com\topjohnwu\superuser\internal\OpenFile.java,com.topjohnwu.superuser.internal.OpenFile,"pread/2[int,long]",write,5
E:\Siva_Finalproject_NDP_Classes\libsu\nio\src\main\java\com\topjohnwu\superuser\internal\OpenFile.java,com.topjohnwu.superuser.internal.OpenFile,"pread/2[int,long]",fd,5
E:\Siva_Finalproject_NDP_Classes\libsu\nio\src\main\java\com\topjohnwu\superuser\internal\OpenFile.java,com.topjohnwu.superuser.internal.OpenFile,"lseek/2[long,int]",fd,1
E:\Siva_Finalproject_NDP_Classes\libsu\nio\src\main\java\com\topjohnwu\superuser\internal\OpenFile.java,com.topjohnwu.superuser.internal.OpenFile,size/0,fd,4
E:\Siva_Finalproject_NDP_Classes\libsu\nio\src\main\java\com\topjohnwu\superuser\internal\OpenFile.java,com.topjohnwu.superuser.internal.OpenFile,getBuf/0,buf,4
E:\Siva_Finalproject_NDP_Classes\libsu\nio\src\main\java\com\topjohnwu\superuser\internal\OpenFile.java,com.topjohnwu.superuser.internal.OpenFile,getStat/0,st,3
E:\Siva_Finalproject_NDP_Classes\libsu\nio\src\main\java\com\topjohnwu\superuser\internal\OpenFile.java,com.topjohnwu.superuser.internal.OpenFile,getStat/0,fd,1
E:\Siva_Finalproject_NDP_Classes\libsu\nio\src\main\java\com\topjohnwu\superuser\internal\OpenFile.java,com.topjohnwu.superuser.internal.OpenFile,ensureOpen/0,fd,1
E:\Siva_Finalproject_NDP_Classes\libsu\nio\src\main\java\com\topjohnwu\superuser\internal\OpenFile.java,com.topjohnwu.superuser.internal.OpenFile,ftruncate/1[long],fd,1
E:\Siva_Finalproject_NDP_Classes\libsu\nio\src\main\java\com\topjohnwu\superuser\internal\OpenFile.java,com.topjohnwu.superuser.internal.OpenFile,"pwrite/3[int,long,boolean]",read,7
E:\Siva_Finalproject_NDP_Classes\libsu\nio\src\main\java\com\topjohnwu\superuser\internal\OpenFile.java,com.topjohnwu.superuser.internal.OpenFile,"pwrite/3[int,long,boolean]",FORCE_NO_SPLICE,1
E:\Siva_Finalproject_NDP_Classes\libsu\nio\src\main\java\com\topjohnwu\superuser\internal\OpenFile.java,com.topjohnwu.superuser.internal.OpenFile,"pwrite/3[int,long,boolean]",write,1
E:\Siva_Finalproject_NDP_Classes\libsu\nio\src\main\java\com\topjohnwu\superuser\internal\OpenFile.java,com.topjohnwu.superuser.internal.OpenFile,"pwrite/3[int,long,boolean]",fd,5
E:\Siva_Finalproject_NDP_Classes\libsu\nio\src\main\java\com\topjohnwu\superuser\internal\OpenFile.java,com.topjohnwu.superuser.internal.OpenFile,sync/1[boolean],fd,2
E:\Siva_Finalproject_NDP_Classes\libsu\nio\src\main\java\com\topjohnwu\superuser\internal\OpenFile.java,com.topjohnwu.superuser.internal.OpenFile,close/0,read,3
E:\Siva_Finalproject_NDP_Classes\libsu\nio\src\main\java\com\topjohnwu\superuser\internal\OpenFile.java,com.topjohnwu.superuser.internal.OpenFile,close/0,write,3
E:\Siva_Finalproject_NDP_Classes\libsu\nio\src\main\java\com\topjohnwu\superuser\internal\OpenFile.java,com.topjohnwu.superuser.internal.OpenFile,close/0,fd,3
E:\Siva_Finalproject_NDP_Classes\libsu\example\src\main\java\com\topjohnwu\libsuexample\MainActivity.java,com.topjohnwu.libsuexample.MainActivity,onCreate/1[com.topjohnwu.libsuexample.Bundle],daemonConn,2
E:\Siva_Finalproject_NDP_Classes\libsu\example\src\main\java\com\topjohnwu\libsuexample\MainActivity.java,com.topjohnwu.libsuexample.MainActivity,onCreate/1[com.topjohnwu.libsuexample.Bundle],binding,2
E:\Siva_Finalproject_NDP_Classes\libsu\example\src\main\java\com\topjohnwu\libsuexample\MainActivity.java,com.topjohnwu.libsuexample.MainActivity,onCreate/1[com.topjohnwu.libsuexample.Bundle],aidlConn,2
E:\Siva_Finalproject_NDP_Classes\libsu\example\src\main\java\com\topjohnwu\libsuexample\MainActivity.java,com.topjohnwu.libsuexample.MainActivity,onCreate/1[com.topjohnwu.libsuexample.Bundle],TAG,1
E:\Siva_Finalproject_NDP_Classes\libsu\example\src\main\java\com\topjohnwu\libsuexample\MainActivity.java,com.topjohnwu.libsuexample.MainActivity,onCreate/1[com.topjohnwu.libsuexample.Bundle],msgConn,4
E:\Siva_Finalproject_NDP_Classes\libsu\example\src\main\java\com\topjohnwu\libsuexample\MainActivity.java,com.topjohnwu.libsuexample.MainActivity,onCreate/1[com.topjohnwu.libsuexample.Bundle],remoteFS,1
E:\Siva_Finalproject_NDP_Classes\libsu\example\src\main\java\com\topjohnwu\libsuexample\MainActivity.java,com.topjohnwu.libsuexample.MainActivity,onCreate/1[com.topjohnwu.libsuexample.Bundle],consoleList,2
E:\Siva_Finalproject_NDP_Classes\libsu\example\src\main\java\com\topjohnwu\libsuexample\MainActivity.java,com.topjohnwu.libsuexample.MainActivity,handleMessage/1[com.topjohnwu.libsuexample.Message],consoleList,3
E:\Siva_Finalproject_NDP_Classes\libsu\example\src\main\java\com\topjohnwu\libsuexample\MainActivity.java,com.topjohnwu.libsuexample.MainActivity,refreshUI/0,daemonConn,1
E:\Siva_Finalproject_NDP_Classes\libsu\example\src\main\java\com\topjohnwu\libsuexample\MainActivity.java,com.topjohnwu.libsuexample.MainActivity,refreshUI/0,aidlConn,1
E:\Siva_Finalproject_NDP_Classes\libsu\example\src\main\java\com\topjohnwu\libsuexample\MainActivity.java,com.topjohnwu.libsuexample.MainActivity,refreshUI/0,msgConn,1
E:\Siva_Finalproject_NDP_Classes\libsu\example\src\main\java\com\topjohnwu\libsuexample\MainActivity.java,com.topjohnwu.libsuexample.MainActivity,refreshUI/0,remoteFS,1
E:\Siva_Finalproject_NDP_Classes\libsu\service\src\main\java\com\topjohnwu\superuser\internal\RootServiceManager.java,com.topjohnwu.superuser.internal.RootServiceManager$RemoteServiceRecord,"RemoteServiceRecord/3[com.topjohnwu.superuser.internal.RootServiceManager.ServiceKey,com.topjohnwu.superuser.internal.IBinder,com.topjohnwu.superuser.internal.RootServiceManager.RemoteProcess]",host,3
E:\Siva_Finalproject_NDP_Classes\libsu\service\src\main\java\com\topjohnwu\superuser\internal\RootServiceManager.java,com.topjohnwu.superuser.internal.RootServiceManager$RemoteServiceRecord,"RemoteServiceRecord/3[com.topjohnwu.superuser.internal.RootServiceManager.ServiceKey,com.topjohnwu.superuser.internal.IBinder,com.topjohnwu.superuser.internal.RootServiceManager.RemoteProcess]",binder,3
E:\Siva_Finalproject_NDP_Classes\libsu\service\src\main\java\com\topjohnwu\superuser\internal\RootServiceManager.java,com.topjohnwu.superuser.internal.RootServiceManager$RemoteServiceRecord,"RemoteServiceRecord/3[com.topjohnwu.superuser.internal.RootServiceManager.ServiceKey,com.topjohnwu.superuser.internal.IBinder,com.topjohnwu.superuser.internal.RootServiceManager.RemoteProcess]",key,3
E:\Siva_Finalproject_NDP_Classes\libsu\nio\src\main\java\com\topjohnwu\superuser\internal\FileSystemService.java,com.topjohnwu.superuser.internal.FileSystemService,isDirectory/1[java.lang.String],mCache,1
E:\Siva_Finalproject_NDP_Classes\libsu\nio\src\main\java\com\topjohnwu\superuser\internal\FileSystemService.java,com.topjohnwu.superuser.internal.FileSystemService,mkdirs/1[java.lang.String],mCache,1
E:\Siva_Finalproject_NDP_Classes\libsu\nio\src\main\java\com\topjohnwu\superuser\internal\FileSystemService.java,com.topjohnwu.superuser.internal.FileSystemService,getTotalSpace/1[java.lang.String],mCache,1
E:\Siva_Finalproject_NDP_Classes\libsu\nio\src\main\java\com\topjohnwu\superuser\internal\FileSystemService.java,com.topjohnwu.superuser.internal.FileSystemService,size/1[int],openFiles,1
E:\Siva_Finalproject_NDP_Classes\libsu\nio\src\main\java\com\topjohnwu\superuser\internal\FileSystemService.java,com.topjohnwu.superuser.internal.FileSystemService,length/1[java.lang.String],mCache,1
E:\Siva_Finalproject_NDP_Classes\libsu\nio\src\main\java\com\topjohnwu\superuser\internal\FileSystemService.java,com.topjohnwu.superuser.internal.FileSystemService,"lseek/3[int,long,int]",openFiles,1
E:\Siva_Finalproject_NDP_Classes\libsu\nio\src\main\java\com\topjohnwu\superuser\internal\FileSystemService.java,com.topjohnwu.superuser.internal.FileSystemService,isFile/1[java.lang.String],mCache,1
E:\Siva_Finalproject_NDP_Classes\libsu\nio\src\main\java\com\topjohnwu\superuser\internal\FileSystemService.java,com.topjohnwu.superuser.internal.FileSystemService,"openChannel/3[java.lang.String,int,java.lang.String]",openFiles,1
E:\Siva_Finalproject_NDP_Classes\libsu\nio\src\main\java\com\topjohnwu\superuser\internal\FileSystemService.java,com.topjohnwu.superuser.internal.FileSystemService,"openWriteStream/3[java.lang.String,com.topjohnwu.superuser.internal.ParcelFileDescriptor,boolean]",PIPE_CAPACITY,1
E:\Siva_Finalproject_NDP_Classes\libsu\nio\src\main\java\com\topjohnwu\superuser\internal\FileSystemService.java,com.topjohnwu.superuser.internal.FileSystemService,"openWriteStream/3[java.lang.String,com.topjohnwu.superuser.internal.ParcelFileDescriptor,boolean]",streamPool,1
E:\Siva_Finalproject_NDP_Classes\libsu\nio\src\main\java\com\topjohnwu\superuser\internal\FileSystemService.java,com.topjohnwu.superuser.internal.FileSystemService,getUsableSpace/1[java.lang.String],mCache,1
E:\Siva_Finalproject_NDP_Classes\libsu\nio\src\main\java\com\topjohnwu\superuser\internal\FileSystemService.java,com.topjohnwu.superuser.internal.FileSystemService,"pwrite/3[int,int,long]",openFiles,1
E:\Siva_Finalproject_NDP_Classes\libsu\nio\src\main\java\com\topjohnwu\superuser\internal\FileSystemService.java,com.topjohnwu.superuser.internal.FileSystemService,mkdir/1[java.lang.String],mCache,1
E:\Siva_Finalproject_NDP_Classes\libsu\nio\src\main\java\com\topjohnwu\superuser\internal\FileSystemService.java,com.topjohnwu.superuser.internal.FileSystemService,"setReadable/3[java.lang.String,boolean,boolean]",mCache,1
E:\Siva_Finalproject_NDP_Classes\libsu\nio\src\main\java\com\topjohnwu\superuser\internal\FileSystemService.java,com.topjohnwu.superuser.internal.FileSystemService,"setExecutable/3[java.lang.String,boolean,boolean]",mCache,1
E:\Siva_Finalproject_NDP_Classes\libsu\nio\src\main\java\com\topjohnwu\superuser\internal\FileSystemService.java,com.topjohnwu.superuser.internal.FileSystemService,"openReadStream/2[java.lang.String,com.topjohnwu.superuser.internal.ParcelFileDescriptor]",PIPE_CAPACITY,1
E:\Siva_Finalproject_NDP_Classes\libsu\nio\src\main\java\com\topjohnwu\superuser\internal\FileSystemService.java,com.topjohnwu.superuser.internal.FileSystemService,"openReadStream/2[java.lang.String,com.topjohnwu.superuser.internal.ParcelFileDescriptor]",streamPool,1
E:\Siva_Finalproject_NDP_Classes\libsu\nio\src\main\java\com\topjohnwu\superuser\internal\FileSystemService.java,com.topjohnwu.superuser.internal.FileSystemService,"setLastModified/2[java.lang.String,long]",mCache,1
E:\Siva_Finalproject_NDP_Classes\libsu\nio\src\main\java\com\topjohnwu\superuser\internal\FileSystemService.java,com.topjohnwu.superuser.internal.FileSystemService,getFreeSpace/1[java.lang.String],mCache,1
E:\Siva_Finalproject_NDP_Classes\libsu\nio\src\main\java\com\topjohnwu\superuser\internal\FileSystemService.java,com.topjohnwu.superuser.internal.FileSystemService,createNewFile/1[java.lang.String],mCache,1
E:\Siva_Finalproject_NDP_Classes\libsu\nio\src\main\java\com\topjohnwu\superuser\internal\FileSystemService.java,com.topjohnwu.superuser.internal.FileSystemService,list/1[java.lang.String],mCache,1
E:\Siva_Finalproject_NDP_Classes\libsu\nio\src\main\java\com\topjohnwu\superuser\internal\FileSystemService.java,com.topjohnwu.superuser.internal.FileSystemService,"renameTo/2[java.lang.String,java.lang.String]",mCache,2
E:\Siva_Finalproject_NDP_Classes\libsu\nio\src\main\java\com\topjohnwu\superuser\internal\FileSystemService.java,com.topjohnwu.superuser.internal.FileSystemService,"pread/3[int,int,long]",openFiles,1
E:\Siva_Finalproject_NDP_Classes\libsu\nio\src\main\java\com\topjohnwu\superuser\internal\FileSystemService.java,com.topjohnwu.superuser.internal.FileSystemService,close/1[int],openFiles,1
E:\Siva_Finalproject_NDP_Classes\libsu\nio\src\main\java\com\topjohnwu\superuser\internal\FileSystemService.java,com.topjohnwu.superuser.internal.FileSystemService,"setWritable/3[java.lang.String,boolean,boolean]",mCache,1
E:\Siva_Finalproject_NDP_Classes\libsu\nio\src\main\java\com\topjohnwu\superuser\internal\FileSystemService.java,com.topjohnwu.superuser.internal.FileSystemService,isHidden/1[java.lang.String],mCache,1
E:\Siva_Finalproject_NDP_Classes\libsu\nio\src\main\java\com\topjohnwu\superuser\internal\FileSystemService.java,com.topjohnwu.superuser.internal.FileSystemService,getCanonicalPath/1[java.lang.String],mCache,1
E:\Siva_Finalproject_NDP_Classes\libsu\nio\src\main\java\com\topjohnwu\superuser\internal\FileSystemService.java,com.topjohnwu.superuser.internal.FileSystemService,"sync/2[int,boolean]",openFiles,1
E:\Siva_Finalproject_NDP_Classes\libsu\nio\src\main\java\com\topjohnwu\superuser\internal\FileSystemService.java,com.topjohnwu.superuser.internal.FileSystemService,setReadOnly/1[java.lang.String],mCache,1
E:\Siva_Finalproject_NDP_Classes\libsu\nio\src\main\java\com\topjohnwu\superuser\internal\FileSystemService.java,com.topjohnwu.superuser.internal.FileSystemService,"ftruncate/2[int,long]",openFiles,1
E:\Siva_Finalproject_NDP_Classes\libsu\nio\src\main\java\com\topjohnwu\superuser\internal\FileSystemService.java,com.topjohnwu.superuser.internal.FileSystemService,delete/1[java.lang.String],mCache,1
E:\Siva_Finalproject_NDP_Classes\libsu\nio\src\main\java\com\topjohnwu\superuser\internal\FileSystemService.java,com.topjohnwu.superuser.internal.FileSystemService,register/1[com.topjohnwu.superuser.internal.IBinder],openFiles,1
E:\Siva_Finalproject_NDP_Classes\libsu\nio\src\main\java\com\topjohnwu\superuser\internal\FileSystemService.java,com.topjohnwu.superuser.internal.FileSystemService,lastModified/1[java.lang.String],mCache,1
E:\Siva_Finalproject_NDP_Classes\libsu\example\src\main\java\com\topjohnwu\libsuexample\StressTest.java,com.topjohnwu.libsuexample.StressTest,traverse/1[com.topjohnwu.superuser.nio.ExtendedFile],md,1
E:\Siva_Finalproject_NDP_Classes\libsu\example\src\main\java\com\topjohnwu\libsuexample\StressTest.java,com.topjohnwu.libsuexample.StressTest,traverse/1[com.topjohnwu.superuser.nio.ExtendedFile],callback,1
E:\Siva_Finalproject_NDP_Classes\libsu\example\src\main\java\com\topjohnwu\libsuexample\StressTest.java,com.topjohnwu.libsuexample.StressTest,verifyHash/1[com.topjohnwu.superuser.nio.ExtendedFile],md,1
E:\Siva_Finalproject_NDP_Classes\libsu\example\src\main\java\com\topjohnwu\libsuexample\StressTest.java,com.topjohnwu.libsuexample.StressTest,verifyHash/1[com.topjohnwu.superuser.nio.ExtendedFile],hashes,2
E:\Siva_Finalproject_NDP_Classes\libsu\example\src\main\java\com\topjohnwu\libsuexample\StressTest.java,com.topjohnwu.libsuexample.StressTest,testShellStream/0,TEST_DIR,1
E:\Siva_Finalproject_NDP_Classes\libsu\example\src\main\java\com\topjohnwu\libsuexample\StressTest.java,com.topjohnwu.libsuexample.StressTest,testShellRandomIO/0,r,1
E:\Siva_Finalproject_NDP_Classes\libsu\example\src\main\java\com\topjohnwu\libsuexample\StressTest.java,com.topjohnwu.libsuexample.StressTest,testShellRandomIO/0,md,1
E:\Siva_Finalproject_NDP_Classes\libsu\example\src\main\java\com\topjohnwu\libsuexample\StressTest.java,com.topjohnwu.libsuexample.StressTest,testShellRandomIO/0,callback,1
E:\Siva_Finalproject_NDP_Classes\libsu\example\src\main\java\com\topjohnwu\libsuexample\StressTest.java,com.topjohnwu.libsuexample.StressTest,testShellRandomIO/0,TEST_DIR,1
E:\Siva_Finalproject_NDP_Classes\libsu\example\src\main\java\com\topjohnwu\libsuexample\StressTest.java,com.topjohnwu.libsuexample.StressTest,testShellRandomIO/0,BUFFER_SIZE,1
E:\Siva_Finalproject_NDP_Classes\libsu\example\src\main\java\com\topjohnwu\libsuexample\StressTest.java,com.topjohnwu.libsuexample.StressTest,perform/1[com.topjohnwu.superuser.nio.FileSystemManager],remoteFS,1
E:\Siva_Finalproject_NDP_Classes\libsu\example\src\main\java\com\topjohnwu\libsuexample\StressTest.java,com.topjohnwu.libsuexample.StressTest,cancel/0,hashes,1
E:\Siva_Finalproject_NDP_Classes\libsu\example\src\main\java\com\topjohnwu\libsuexample\StressTest.java,com.topjohnwu.libsuexample.StressTest,cancel/0,callback,1
E:\Siva_Finalproject_NDP_Classes\libsu\example\src\main\java\com\topjohnwu\libsuexample\StressTest.java,com.topjohnwu.libsuexample.StressTest,cancel/0,remoteFS,1
E:\Siva_Finalproject_NDP_Classes\libsu\example\src\main\java\com\topjohnwu\libsuexample\StressTest.java,com.topjohnwu.libsuexample.StressTest,collectHashes/0,md,2
E:\Siva_Finalproject_NDP_Classes\libsu\example\src\main\java\com\topjohnwu\libsuexample\StressTest.java,com.topjohnwu.libsuexample.StressTest,collectHashes/0,hashes,1
E:\Siva_Finalproject_NDP_Classes\libsu\example\src\main\java\com\topjohnwu\libsuexample\StressTest.java,com.topjohnwu.libsuexample.StressTest,collectHashes/0,callback,1
E:\Siva_Finalproject_NDP_Classes\libsu\example\src\main\java\com\topjohnwu\libsuexample\StressTest.java,com.topjohnwu.libsuexample.StressTest,collectHashes/0,TEST_DIR,1
E:\Siva_Finalproject_NDP_Classes\libsu\example\src\main\java\com\topjohnwu\libsuexample\StressTest.java,com.topjohnwu.libsuexample.StressTest,collectHashes/0,BUFFER_SIZE,1
E:\Siva_Finalproject_NDP_Classes\libsu\example\src\main\java\com\topjohnwu\libsuexample\StressTest.java,com.topjohnwu.libsuexample.StressTest,testRemoteChannel/0,r,1
E:\Siva_Finalproject_NDP_Classes\libsu\example\src\main\java\com\topjohnwu\libsuexample\StressTest.java,com.topjohnwu.libsuexample.StressTest,testRemoteChannel/0,md,1
E:\Siva_Finalproject_NDP_Classes\libsu\example\src\main\java\com\topjohnwu\libsuexample\StressTest.java,com.topjohnwu.libsuexample.StressTest,testRemoteChannel/0,callback,1
E:\Siva_Finalproject_NDP_Classes\libsu\example\src\main\java\com\topjohnwu\libsuexample\StressTest.java,com.topjohnwu.libsuexample.StressTest,testRemoteChannel/0,remoteFS,3
E:\Siva_Finalproject_NDP_Classes\libsu\example\src\main\java\com\topjohnwu\libsuexample\StressTest.java,com.topjohnwu.libsuexample.StressTest,testRemoteChannel/0,TEST_DIR,1
E:\Siva_Finalproject_NDP_Classes\libsu\example\src\main\java\com\topjohnwu\libsuexample\StressTest.java,com.topjohnwu.libsuexample.StressTest,testRemoteChannel/0,BUFFER_SIZE,1
E:\Siva_Finalproject_NDP_Classes\libsu\example\src\main\java\com\topjohnwu\libsuexample\StressTest.java,com.topjohnwu.libsuexample.StressTest,testRemoteStream/0,remoteFS,2
E:\Siva_Finalproject_NDP_Classes\libsu\example\src\main\java\com\topjohnwu\libsuexample\StressTest.java,com.topjohnwu.libsuexample.StressTest,testRemoteStream/0,TEST_DIR,1
E:\Siva_Finalproject_NDP_Classes\libsu\example\src\main\java\com\topjohnwu\libsuexample\StressTest.java,com.topjohnwu.libsuexample.StressTest,"testIOStream/2[com.topjohnwu.superuser.nio.ExtendedFile,com.topjohnwu.superuser.nio.ExtendedFile]",md,1
E:\Siva_Finalproject_NDP_Classes\libsu\example\src\main\java\com\topjohnwu\libsuexample\StressTest.java,com.topjohnwu.libsuexample.StressTest,"testIOStream/2[com.topjohnwu.superuser.nio.ExtendedFile,com.topjohnwu.superuser.nio.ExtendedFile]",callback,1
E:\Siva_Finalproject_NDP_Classes\libsu\example\src\main\java\com\topjohnwu\libsuexample\StressTest.java,com.topjohnwu.libsuexample.StressTest,"testIOStream/2[com.topjohnwu.superuser.nio.ExtendedFile,com.topjohnwu.superuser.nio.ExtendedFile]",BUFFER_SIZE,1
E:\Siva_Finalproject_NDP_Classes\libsu\service\src\main\java\com\topjohnwu\superuser\internal\RootServiceServer.java,com.topjohnwu.superuser.internal.RootServiceServer$ClientProcess,onBinderDied/0,uid,3
E:\Siva_Finalproject_NDP_Classes\libsu\service\src\main\java\com\topjohnwu\superuser\internal\RootServiceServer.java,com.topjohnwu.superuser.internal.RootServiceServer$ClientProcess,"ClientProcess/2[com.topjohnwu.superuser.internal.IBinder,int]",uid,3
E:\Siva_Finalproject_NDP_Classes\libsu\service\src\main\java\com\topjohnwu\superuser\internal\RootServiceServer.java,com.topjohnwu.superuser.internal.RootServiceServer$ClientProcess,"ClientProcess/2[com.topjohnwu.superuser.internal.IBinder,int]",m,1
E:\Siva_Finalproject_NDP_Classes\libsu\service\src\main\java\com\topjohnwu\superuser\internal\RootServiceServer.java,com.topjohnwu.superuser.internal.RootServiceServer,run/0,clients,1
E:\Siva_Finalproject_NDP_Classes\libsu\service\src\main\java\com\topjohnwu\superuser\internal\RootServiceServer.java,com.topjohnwu.superuser.internal.RootServiceServer,unbindServices/1[int],services,1
E:\Siva_Finalproject_NDP_Classes\libsu\service\src\main\java\com\topjohnwu\superuser\internal\RootServiceServer.java,com.topjohnwu.superuser.internal.RootServiceServer,"unbindInternal/3[com.topjohnwu.superuser.internal.RootServiceServer.ServiceRecord,int,java.lang.Runnable]",clients,1
E:\Siva_Finalproject_NDP_Classes\libsu\service\src\main\java\com\topjohnwu\superuser\internal\RootServiceServer.java,com.topjohnwu.superuser.internal.RootServiceServer,"unbindInternal/3[com.topjohnwu.superuser.internal.RootServiceServer.ServiceRecord,int,java.lang.Runnable]",isDaemon,2
E:\Siva_Finalproject_NDP_Classes\libsu\service\src\main\java\com\topjohnwu\superuser\internal\RootServiceServer.java,com.topjohnwu.superuser.internal.RootServiceServer,"unbindInternal/3[com.topjohnwu.superuser.internal.RootServiceServer.ServiceRecord,int,java.lang.Runnable]",services,1
E:\Siva_Finalproject_NDP_Classes\libsu\service\src\main\java\com\topjohnwu\superuser\internal\RootServiceServer.java,com.topjohnwu.superuser.internal.RootServiceServer,RootServiceServer/1[com.topjohnwu.superuser.internal.Context],observer,2
E:\Siva_Finalproject_NDP_Classes\libsu\service\src\main\java\com\topjohnwu\superuser\internal\RootServiceServer.java,com.topjohnwu.superuser.internal.RootServiceServer,RootServiceServer/1[com.topjohnwu.superuser.internal.Context],isDaemon,3
E:\Siva_Finalproject_NDP_Classes\libsu\service\src\main\java\com\topjohnwu\superuser\internal\RootServiceServer.java,com.topjohnwu.superuser.internal.RootServiceServer,"unbindService/2[int,com.topjohnwu.superuser.internal.ComponentName]",services,2
E:\Siva_Finalproject_NDP_Classes\libsu\service\src\main\java\com\topjohnwu\superuser\internal\RootServiceServer.java,com.topjohnwu.superuser.internal.RootServiceServer,"bindInternal/2[int,com.topjohnwu.superuser.internal.Intent]",clients,1
E:\Siva_Finalproject_NDP_Classes\libsu\service\src\main\java\com\topjohnwu\superuser\internal\RootServiceServer.java,com.topjohnwu.superuser.internal.RootServiceServer,"bindInternal/2[int,com.topjohnwu.superuser.internal.Intent]",services,2
E:\Siva_Finalproject_NDP_Classes\libsu\service\src\main\java\com\topjohnwu\superuser\internal\RootServiceServer.java,com.topjohnwu.superuser.internal.RootServiceServer,"connectInternal/2[int,com.topjohnwu.superuser.internal.IBinder]",clients,2
E:\Siva_Finalproject_NDP_Classes\libsu\service\src\main\java\com\topjohnwu\superuser\internal\RootServiceServer.java,com.topjohnwu.superuser.internal.RootServiceServer,broadcast/1[int],isDaemon,1
E:\Siva_Finalproject_NDP_Classes\libsu\service\src\main\java\com\topjohnwu\superuser\internal\RootServiceServer.java,com.topjohnwu.superuser.internal.RootServiceServer,getInstance/1[com.topjohnwu.superuser.internal.Context],mInstance,3
E:\Siva_Finalproject_NDP_Classes\libsu\service\src\main\java\com\topjohnwu\superuser\internal\RootServiceServer.java,com.topjohnwu.superuser.internal.RootServiceServer,register/1[com.topjohnwu.superuser.ipc.RootService],services,1
E:\Siva_Finalproject_NDP_Classes\libsu\core\src\main\java\com\topjohnwu\superuser\internal\BuilderImpl.java,com.topjohnwu.superuser.internal.BuilderImpl,setCommands/1[java.lang.String[]],command,1
E:\Siva_Finalproject_NDP_Classes\libsu\core\src\main\java\com\topjohnwu\superuser\internal\BuilderImpl.java,com.topjohnwu.superuser.internal.BuilderImpl,setInitializersImpl/1[java.lang.Class<? extends com.topjohnwu.superuser.Shell.Initializer>[]],initializers,2
E:\Siva_Finalproject_NDP_Classes\libsu\core\src\main\java\com\topjohnwu\superuser\internal\BuilderImpl.java,com.topjohnwu.superuser.internal.BuilderImpl,build/1[java.lang.Process],initializers,2
E:\Siva_Finalproject_NDP_Classes\libsu\core\src\main\java\com\topjohnwu\superuser\internal\BuilderImpl.java,com.topjohnwu.superuser.internal.BuilderImpl,build/0,command,2
E:\Siva_Finalproject_NDP_Classes\libsu\core\src\main\java\com\topjohnwu\superuser\internal\BuilderImpl.java,com.topjohnwu.superuser.internal.BuilderImpl,exec/1[java.lang.String[]],TAG,1
E:\Siva_Finalproject_NDP_Classes\libsu\core\src\main\java\com\topjohnwu\superuser\internal\BuilderImpl.java,com.topjohnwu.superuser.internal.BuilderImpl,hasFlags/1[int],flags,1
E:\Siva_Finalproject_NDP_Classes\libsu\core\src\main\java\com\topjohnwu\superuser\internal\BuilderImpl.java,com.topjohnwu.superuser.internal.BuilderImpl,setFlags/1[int],flags,1
E:\Siva_Finalproject_NDP_Classes\libsu\core\src\main\java\com\topjohnwu\superuser\internal\BuilderImpl.java,com.topjohnwu.superuser.internal.BuilderImpl,setTimeout/1[long],timeout,1
E:\Siva_Finalproject_NDP_Classes\libsu\io\src\main\java\com\topjohnwu\superuser\internal\RAFWrapper.java,com.topjohnwu.superuser.internal.RAFWrapper,readDouble/0,raf,1
E:\Siva_Finalproject_NDP_Classes\libsu\io\src\main\java\com\topjohnwu\superuser\internal\RAFWrapper.java,com.topjohnwu.superuser.internal.RAFWrapper,setLength/1[long],raf,1
E:\Siva_Finalproject_NDP_Classes\libsu\io\src\main\java\com\topjohnwu\superuser\internal\RAFWrapper.java,com.topjohnwu.superuser.internal.RAFWrapper,writeInt/1[int],raf,1
E:\Siva_Finalproject_NDP_Classes\libsu\io\src\main\java\com\topjohnwu\superuser\internal\RAFWrapper.java,com.topjohnwu.superuser.internal.RAFWrapper,close/0,raf,1
E:\Siva_Finalproject_NDP_Classes\libsu\io\src\main\java\com\topjohnwu\superuser\internal\RAFWrapper.java,com.topjohnwu.superuser.internal.RAFWrapper,writeChars/1[java.lang.String],raf,1
E:\Siva_Finalproject_NDP_Classes\libsu\io\src\main\java\com\topjohnwu\superuser\internal\RAFWrapper.java,com.topjohnwu.superuser.internal.RAFWrapper,readUTF/0,raf,1
E:\Siva_Finalproject_NDP_Classes\libsu\io\src\main\java\com\topjohnwu\superuser\internal\RAFWrapper.java,com.topjohnwu.superuser.internal.RAFWrapper,readChar/0,raf,1
E:\Siva_Finalproject_NDP_Classes\libsu\io\src\main\java\com\topjohnwu\superuser\internal\RAFWrapper.java,com.topjohnwu.superuser.internal.RAFWrapper,writeShort/1[int],raf,1
E:\Siva_Finalproject_NDP_Classes\libsu\io\src\main\java\com\topjohnwu\superuser\internal\RAFWrapper.java,com.topjohnwu.superuser.internal.RAFWrapper,"read/3[byte[],int,int]",raf,1
E:\Siva_Finalproject_NDP_Classes\libsu\io\src\main\java\com\topjohnwu\superuser\internal\RAFWrapper.java,com.topjohnwu.superuser.internal.RAFWrapper,"RAFWrapper/2[java.io.File,java.lang.String]",raf,1
E:\Siva_Finalproject_NDP_Classes\libsu\io\src\main\java\com\topjohnwu\superuser\internal\RAFWrapper.java,com.topjohnwu.superuser.internal.RAFWrapper,writeBytes/1[java.lang.String],raf,1
E:\Siva_Finalproject_NDP_Classes\libsu\io\src\main\java\com\topjohnwu\superuser\internal\RAFWrapper.java,com.topjohnwu.superuser.internal.RAFWrapper,getFD/0,raf,1
E:\Siva_Finalproject_NDP_Classes\libsu\io\src\main\java\com\topjohnwu\superuser\internal\RAFWrapper.java,com.topjohnwu.superuser.internal.RAFWrapper,read/1[byte[]],raf,1
E:\Siva_Finalproject_NDP_Classes\libsu\io\src\main\java\com\topjohnwu\superuser\internal\RAFWrapper.java,com.topjohnwu.superuser.internal.RAFWrapper,length/0,raf,1
E:\Siva_Finalproject_NDP_Classes\libsu\io\src\main\java\com\topjohnwu\superuser\internal\RAFWrapper.java,com.topjohnwu.superuser.internal.RAFWrapper,writeLong/1[long],raf,1
E:\Siva_Finalproject_NDP_Classes\libsu\io\src\main\java\com\topjohnwu\superuser\internal\RAFWrapper.java,com.topjohnwu.superuser.internal.RAFWrapper,readFully/1[byte[]],raf,1
E:\Siva_Finalproject_NDP_Classes\libsu\io\src\main\java\com\topjohnwu\superuser\internal\RAFWrapper.java,com.topjohnwu.superuser.internal.RAFWrapper,writeChar/1[int],raf,1
E:\Siva_Finalproject_NDP_Classes\libsu\io\src\main\java\com\topjohnwu\superuser\internal\RAFWrapper.java,com.topjohnwu.superuser.internal.RAFWrapper,readLine/0,raf,1
E:\Siva_Finalproject_NDP_Classes\libsu\io\src\main\java\com\topjohnwu\superuser\internal\RAFWrapper.java,com.topjohnwu.superuser.internal.RAFWrapper,getChannel/0,raf,1
E:\Siva_Finalproject_NDP_Classes\libsu\io\src\main\java\com\topjohnwu\superuser\internal\RAFWrapper.java,com.topjohnwu.superuser.internal.RAFWrapper,readLong/0,raf,1
E:\Siva_Finalproject_NDP_Classes\libsu\io\src\main\java\com\topjohnwu\superuser\internal\RAFWrapper.java,com.topjohnwu.superuser.internal.RAFWrapper,"readFully/3[byte[],int,int]",raf,1
E:\Siva_Finalproject_NDP_Classes\libsu\io\src\main\java\com\topjohnwu\superuser\internal\RAFWrapper.java,com.topjohnwu.superuser.internal.RAFWrapper,readInt/0,raf,1
E:\Siva_Finalproject_NDP_Classes\libsu\io\src\main\java\com\topjohnwu\superuser\internal\RAFWrapper.java,com.topjohnwu.superuser.internal.RAFWrapper,readUnsignedShort/0,raf,1
E:\Siva_Finalproject_NDP_Classes\libsu\io\src\main\java\com\topjohnwu\superuser\internal\RAFWrapper.java,com.topjohnwu.superuser.internal.RAFWrapper,write/1[byte[]],raf,1
E:\Siva_Finalproject_NDP_Classes\libsu\io\src\main\java\com\topjohnwu\superuser\internal\RAFWrapper.java,com.topjohnwu.superuser.internal.RAFWrapper,"write/3[byte[],int,int]",raf,1
E:\Siva_Finalproject_NDP_Classes\libsu\io\src\main\java\com\topjohnwu\superuser\internal\RAFWrapper.java,com.topjohnwu.superuser.internal.RAFWrapper,writeUTF/1[java.lang.String],raf,1
E:\Siva_Finalproject_NDP_Classes\libsu\io\src\main\java\com\topjohnwu\superuser\internal\RAFWrapper.java,com.topjohnwu.superuser.internal.RAFWrapper,readUnsignedByte/0,raf,1
E:\Siva_Finalproject_NDP_Classes\libsu\io\src\main\java\com\topjohnwu\superuser\internal\RAFWrapper.java,com.topjohnwu.superuser.internal.RAFWrapper,readFloat/0,raf,1
E:\Siva_Finalproject_NDP_Classes\libsu\io\src\main\java\com\topjohnwu\superuser\internal\RAFWrapper.java,com.topjohnwu.superuser.internal.RAFWrapper,skipBytes/1[int],raf,1
E:\Siva_Finalproject_NDP_Classes\libsu\io\src\main\java\com\topjohnwu\superuser\internal\RAFWrapper.java,com.topjohnwu.superuser.internal.RAFWrapper,readBoolean/0,raf,1
E:\Siva_Finalproject_NDP_Classes\libsu\io\src\main\java\com\topjohnwu\superuser\internal\RAFWrapper.java,com.topjohnwu.superuser.internal.RAFWrapper,seek/1[long],raf,1
E:\Siva_Finalproject_NDP_Classes\libsu\io\src\main\java\com\topjohnwu\superuser\internal\RAFWrapper.java,com.topjohnwu.superuser.internal.RAFWrapper,write/1[int],raf,1
E:\Siva_Finalproject_NDP_Classes\libsu\io\src\main\java\com\topjohnwu\superuser\internal\RAFWrapper.java,com.topjohnwu.superuser.internal.RAFWrapper,readByte/0,raf,1
E:\Siva_Finalproject_NDP_Classes\libsu\io\src\main\java\com\topjohnwu\superuser\internal\RAFWrapper.java,com.topjohnwu.superuser.internal.RAFWrapper,writeFloat/1[float],raf,1
E:\Siva_Finalproject_NDP_Classes\libsu\io\src\main\java\com\topjohnwu\superuser\internal\RAFWrapper.java,com.topjohnwu.superuser.internal.RAFWrapper,getFilePointer/0,raf,1
E:\Siva_Finalproject_NDP_Classes\libsu\io\src\main\java\com\topjohnwu\superuser\internal\RAFWrapper.java,com.topjohnwu.superuser.internal.RAFWrapper,read/0,raf,1
E:\Siva_Finalproject_NDP_Classes\libsu\io\src\main\java\com\topjohnwu\superuser\internal\RAFWrapper.java,com.topjohnwu.superuser.internal.RAFWrapper,writeBoolean/1[boolean],raf,1
E:\Siva_Finalproject_NDP_Classes\libsu\io\src\main\java\com\topjohnwu\superuser\internal\RAFWrapper.java,com.topjohnwu.superuser.internal.RAFWrapper,writeDouble/1[double],raf,1
E:\Siva_Finalproject_NDP_Classes\libsu\io\src\main\java\com\topjohnwu\superuser\internal\RAFWrapper.java,com.topjohnwu.superuser.internal.RAFWrapper,readShort/0,raf,1
E:\Siva_Finalproject_NDP_Classes\libsu\io\src\main\java\com\topjohnwu\superuser\internal\RAFWrapper.java,com.topjohnwu.superuser.internal.RAFWrapper,writeByte/1[int],raf,1
E:\Siva_Finalproject_NDP_Classes\libsu\core\src\main\java\com\topjohnwu\superuser\internal\NOPList.java,com.topjohnwu.superuser.internal.NOPList,getInstance/0,list,3
E:\Siva_Finalproject_NDP_Classes\libsu\nio\src\main\java\com\topjohnwu\superuser\internal\IOResult.java,com.topjohnwu.superuser.internal.IOResult,IOResult/0,val,1
E:\Siva_Finalproject_NDP_Classes\libsu\nio\src\main\java\com\topjohnwu\superuser\internal\IOResult.java,com.topjohnwu.superuser.internal.IOResult,"writeToParcel/2[com.topjohnwu.superuser.internal.Parcel,int]",val,1
E:\Siva_Finalproject_NDP_Classes\libsu\nio\src\main\java\com\topjohnwu\superuser\internal\IOResult.java,com.topjohnwu.superuser.internal.IOResult,tryAndGet/0,val,1
E:\Siva_Finalproject_NDP_Classes\libsu\nio\src\main\java\com\topjohnwu\superuser\internal\IOResult.java,com.topjohnwu.superuser.internal.IOResult,IOResult/1[com.topjohnwu.superuser.internal.Parcel],val,1
E:\Siva_Finalproject_NDP_Classes\libsu\nio\src\main\java\com\topjohnwu\superuser\internal\IOResult.java,com.topjohnwu.superuser.internal.IOResult,IOResult/1[com.topjohnwu.superuser.internal.Parcel],cl,1
E:\Siva_Finalproject_NDP_Classes\libsu\nio\src\main\java\com\topjohnwu\superuser\internal\IOResult.java,com.topjohnwu.superuser.internal.IOResult,IOResult/1[java.lang.Object],val,1
E:\Siva_Finalproject_NDP_Classes\libsu\nio\src\main\java\com\topjohnwu\superuser\internal\IOResult.java,com.topjohnwu.superuser.internal.IOResult,checkException/0,val,2
E:\Siva_Finalproject_NDP_Classes\libsu\nio\src\main\java\com\topjohnwu\superuser\internal\IOResult.java,com.topjohnwu.superuser.internal.IOResult,checkException/0,REMOTE_ERR_MSG,1
E:\Siva_Finalproject_NDP_Classes\libsu\core\src\main\java\com\topjohnwu\superuser\internal\ShellInputSource.java,com.topjohnwu.superuser.internal.CommandSource,serve/1[java.io.OutputStream],cmd,1
E:\Siva_Finalproject_NDP_Classes\libsu\core\src\main\java\com\topjohnwu\superuser\internal\ShellInputSource.java,com.topjohnwu.superuser.internal.CommandSource,CommandSource/1[java.lang.String[]],cmd,3
E:\Siva_Finalproject_NDP_Classes\libsu\core\src\main\java\com\topjohnwu\superuser\internal\ResultImpl.java,com.topjohnwu.superuser.internal.ResultImpl,getErr/0,err,2
E:\Siva_Finalproject_NDP_Classes\libsu\core\src\main\java\com\topjohnwu\superuser\internal\ResultImpl.java,com.topjohnwu.superuser.internal.ResultImpl,getCode/0,code,1
E:\Siva_Finalproject_NDP_Classes\libsu\core\src\main\java\com\topjohnwu\superuser\internal\ResultImpl.java,com.topjohnwu.superuser.internal.ResultImpl,getOut/0,out,2
E:\Siva_Finalproject_NDP_Classes\libsu\example\src\main\java\com\topjohnwu\libsuexample\MainActivity.java,com.topjohnwu.libsuexample.MainActivity$AIDLConnection,AIDLConnection/1[boolean],isDaemon,1
E:\Siva_Finalproject_NDP_Classes\libsu\example\src\main\java\com\topjohnwu\libsuexample\MainActivity.java,com.topjohnwu.libsuexample.MainActivity$AIDLConnection,onServiceDisconnected/1[com.topjohnwu.libsuexample.ComponentName],isDaemon,1
E:\Siva_Finalproject_NDP_Classes\libsu\example\src\main\java\com\topjohnwu\libsuexample\MainActivity.java,com.topjohnwu.libsuexample.MainActivity$AIDLConnection,"onServiceConnected/2[com.topjohnwu.libsuexample.ComponentName,com.topjohnwu.libsuexample.IBinder]",isDaemon,2
E:\Siva_Finalproject_NDP_Classes\libsu\core\src\main\java\com\topjohnwu\superuser\internal\PendingJob.java,com.topjohnwu.superuser.internal.PendingJob,PendingJob/1[boolean],isSU,1
E:\Siva_Finalproject_NDP_Classes\libsu\core\src\main\java\com\topjohnwu\superuser\internal\PendingJob.java,com.topjohnwu.superuser.internal.PendingJob,PendingJob/1[boolean],retry,1
E:\Siva_Finalproject_NDP_Classes\libsu\core\src\main\java\com\topjohnwu\superuser\internal\PendingJob.java,com.topjohnwu.superuser.internal.PendingJob,exec/0,isSU,1
E:\Siva_Finalproject_NDP_Classes\libsu\core\src\main\java\com\topjohnwu\superuser\internal\PendingJob.java,com.topjohnwu.superuser.internal.PendingJob,exec/0,retry,2
E:\Siva_Finalproject_NDP_Classes\libsu\core\src\main\java\com\topjohnwu\superuser\internal\PendingJob.java,com.topjohnwu.superuser.internal.PendingJob,"submit/2[java.util.concurrent.Executor,com.topjohnwu.superuser.Shell.ResultCallback]",isSU,1
E:\Siva_Finalproject_NDP_Classes\libsu\core\src\main\java\com\topjohnwu\superuser\internal\PendingJob.java,com.topjohnwu.superuser.internal.PendingJob,"submit/2[java.util.concurrent.Executor,com.topjohnwu.superuser.Shell.ResultCallback]",retry,2
E:\Siva_Finalproject_NDP_Classes\libsu\nio\src\main\java\com\topjohnwu\superuser\internal\FileUtils.java,com.topjohnwu.superuser.internal.FileUtils,"sendfile/4[java.io.FileDescriptor,java.io.FileDescriptor,com.topjohnwu.superuser.internal.MutableLong,long]",os,4
E:\Siva_Finalproject_NDP_Classes\libsu\nio\src\main\java\com\topjohnwu\superuser\internal\FileUtils.java,com.topjohnwu.superuser.internal.FileUtils,"sendfile/4[java.io.FileDescriptor,java.io.FileDescriptor,com.topjohnwu.superuser.internal.MutableLong,long]",sendfile,5
E:\Siva_Finalproject_NDP_Classes\libsu\nio\src\main\java\com\topjohnwu\superuser\internal\FileUtils.java,com.topjohnwu.superuser.internal.FileUtils,createFileDescriptor/1[int],setFd,7
E:\Siva_Finalproject_NDP_Classes\libsu\nio\src\main\java\com\topjohnwu\superuser\internal\FileUtils.java,com.topjohnwu.superuser.internal.FileUtils,"splice/6[java.io.FileDescriptor,com.topjohnwu.superuser.internal.Int64Ref,java.io.FileDescriptor,com.topjohnwu.superuser.internal.Int64Ref,long,int]",splice,4
E:\Siva_Finalproject_NDP_Classes\libsu\example\src\main\java\com\topjohnwu\libsuexample\MSGService.java,com.topjohnwu.libsuexample.MSGService,onCreate/0,uuid,2
E:\Siva_Finalproject_NDP_Classes\libsu\example\src\main\java\com\topjohnwu\libsuexample\MSGService.java,com.topjohnwu.libsuexample.MSGService,handleMessage/1[com.topjohnwu.libsuexample.Message],MSG_GETINFO,1
E:\Siva_Finalproject_NDP_Classes\libsu\example\src\main\java\com\topjohnwu\libsuexample\MSGService.java,com.topjohnwu.libsuexample.MSGService,handleMessage/1[com.topjohnwu.libsuexample.Message],MSG_STOP,1
E:\Siva_Finalproject_NDP_Classes\libsu\example\src\main\java\com\topjohnwu\libsuexample\MSGService.java,com.topjohnwu.libsuexample.MSGService,handleMessage/1[com.topjohnwu.libsuexample.Message],UUID_KEY,1
E:\Siva_Finalproject_NDP_Classes\libsu\example\src\main\java\com\topjohnwu\libsuexample\MSGService.java,com.topjohnwu.libsuexample.MSGService,handleMessage/1[com.topjohnwu.libsuexample.Message],uuid,1
E:\Siva_Finalproject_NDP_Classes\libsu\nio\src\main\java\com\topjohnwu\superuser\internal\RemoteFileChannel.java,com.topjohnwu.superuser.internal.RemoteFileChannel,"write/2[java.nio.ByteBuffer,long]",write,1
E:\Siva_Finalproject_NDP_Classes\libsu\nio\src\main\java\com\topjohnwu\superuser\internal\RemoteFileChannel.java,com.topjohnwu.superuser.internal.RemoteFileChannel,position/0,handle,1
E:\Siva_Finalproject_NDP_Classes\libsu\nio\src\main\java\com\topjohnwu\superuser\internal\RemoteFileChannel.java,com.topjohnwu.superuser.internal.RemoteFileChannel,position/0,fs,1
E:\Siva_Finalproject_NDP_Classes\libsu\nio\src\main\java\com\topjohnwu\superuser\internal\RemoteFileChannel.java,com.topjohnwu.superuser.internal.RemoteFileChannel,"write/3[java.nio.ByteBuffer[],int,int]",write,2
E:\Siva_Finalproject_NDP_Classes\libsu\nio\src\main\java\com\topjohnwu\superuser\internal\RemoteFileChannel.java,com.topjohnwu.superuser.internal.RemoteFileChannel,implCloseChannel/0,read,1
E:\Siva_Finalproject_NDP_Classes\libsu\nio\src\main\java\com\topjohnwu\superuser\internal\RemoteFileChannel.java,com.topjohnwu.superuser.internal.RemoteFileChannel,implCloseChannel/0,handle,1
E:\Siva_Finalproject_NDP_Classes\libsu\nio\src\main\java\com\topjohnwu\superuser\internal\RemoteFileChannel.java,com.topjohnwu.superuser.internal.RemoteFileChannel,implCloseChannel/0,fdLock,1
E:\Siva_Finalproject_NDP_Classes\libsu\nio\src\main\java\com\topjohnwu\superuser\internal\RemoteFileChannel.java,com.topjohnwu.superuser.internal.RemoteFileChannel,implCloseChannel/0,fs,1
E:\Siva_Finalproject_NDP_Classes\libsu\nio\src\main\java\com\topjohnwu\superuser\internal\RemoteFileChannel.java,com.topjohnwu.superuser.internal.RemoteFileChannel,implCloseChannel/0,write,1
E:\Siva_Finalproject_NDP_Classes\libsu\nio\src\main\java\com\topjohnwu\superuser\internal\RemoteFileChannel.java,com.topjohnwu.superuser.internal.RemoteFileChannel,write/1[java.nio.ByteBuffer],write,1
E:\Siva_Finalproject_NDP_Classes\libsu\nio\src\main\java\com\topjohnwu\superuser\internal\RemoteFileChannel.java,com.topjohnwu.superuser.internal.RemoteFileChannel,"write0/2[java.nio.ByteBuffer,long]",fdLock,1
E:\Siva_Finalproject_NDP_Classes\libsu\nio\src\main\java\com\topjohnwu\superuser\internal\RemoteFileChannel.java,com.topjohnwu.superuser.internal.RemoteFileChannel,"write0/2[java.nio.ByteBuffer,long]",handle,1
E:\Siva_Finalproject_NDP_Classes\libsu\nio\src\main\java\com\topjohnwu\superuser\internal\RemoteFileChannel.java,com.topjohnwu.superuser.internal.RemoteFileChannel,"write0/2[java.nio.ByteBuffer,long]",write,2
E:\Siva_Finalproject_NDP_Classes\libsu\nio\src\main\java\com\topjohnwu\superuser\internal\RemoteFileChannel.java,com.topjohnwu.superuser.internal.RemoteFileChannel,"write0/2[java.nio.ByteBuffer,long]",fs,1
E:\Siva_Finalproject_NDP_Classes\libsu\nio\src\main\java\com\topjohnwu\superuser\internal\RemoteFileChannel.java,com.topjohnwu.superuser.internal.RemoteFileChannel,"read/2[java.nio.ByteBuffer,long]",read,1
E:\Siva_Finalproject_NDP_Classes\libsu\nio\src\main\java\com\topjohnwu\superuser\internal\RemoteFileChannel.java,com.topjohnwu.superuser.internal.RemoteFileChannel,writable/0,mode,1
E:\Siva_Finalproject_NDP_Classes\libsu\nio\src\main\java\com\topjohnwu\superuser\internal\RemoteFileChannel.java,com.topjohnwu.superuser.internal.RemoteFileChannel,"read0/2[java.nio.ByteBuffer,long]",read,2
E:\Siva_Finalproject_NDP_Classes\libsu\nio\src\main\java\com\topjohnwu\superuser\internal\RemoteFileChannel.java,com.topjohnwu.superuser.internal.RemoteFileChannel,"read0/2[java.nio.ByteBuffer,long]",fdLock,1
E:\Siva_Finalproject_NDP_Classes\libsu\nio\src\main\java\com\topjohnwu\superuser\internal\RemoteFileChannel.java,com.topjohnwu.superuser.internal.RemoteFileChannel,"read0/2[java.nio.ByteBuffer,long]",handle,1
E:\Siva_Finalproject_NDP_Classes\libsu\nio\src\main\java\com\topjohnwu\superuser\internal\RemoteFileChannel.java,com.topjohnwu.superuser.internal.RemoteFileChannel,"read0/2[java.nio.ByteBuffer,long]",fs,1
E:\Siva_Finalproject_NDP_Classes\libsu\nio\src\main\java\com\topjohnwu\superuser\internal\RemoteFileChannel.java,com.topjohnwu.superuser.internal.RemoteFileChannel,"transferTo/3[long,long,java.nio.channels.WritableByteChannel]",PIPE_CAPACITY,1
E:\Siva_Finalproject_NDP_Classes\libsu\nio\src\main\java\com\topjohnwu\superuser\internal\RemoteFileChannel.java,com.topjohnwu.superuser.internal.RemoteFileChannel,"transferTo/3[long,long,java.nio.channels.WritableByteChannel]",write,1
E:\Siva_Finalproject_NDP_Classes\libsu\nio\src\main\java\com\topjohnwu\superuser\internal\RemoteFileChannel.java,com.topjohnwu.superuser.internal.RemoteFileChannel,force/1[boolean],handle,1
E:\Siva_Finalproject_NDP_Classes\libsu\nio\src\main\java\com\topjohnwu\superuser\internal\RemoteFileChannel.java,com.topjohnwu.superuser.internal.RemoteFileChannel,force/1[boolean],fs,1
E:\Siva_Finalproject_NDP_Classes\libsu\nio\src\main\java\com\topjohnwu\superuser\internal\RemoteFileChannel.java,com.topjohnwu.superuser.internal.RemoteFileChannel,size/0,handle,1
E:\Siva_Finalproject_NDP_Classes\libsu\nio\src\main\java\com\topjohnwu\superuser\internal\RemoteFileChannel.java,com.topjohnwu.superuser.internal.RemoteFileChannel,size/0,fs,1
E:\Siva_Finalproject_NDP_Classes\libsu\nio\src\main\java\com\topjohnwu\superuser\internal\RemoteFileChannel.java,com.topjohnwu.superuser.internal.RemoteFileChannel,"transferFrom/3[java.nio.channels.ReadableByteChannel,long,long]",read,1
E:\Siva_Finalproject_NDP_Classes\libsu\nio\src\main\java\com\topjohnwu\superuser\internal\RemoteFileChannel.java,com.topjohnwu.superuser.internal.RemoteFileChannel,"transferFrom/3[java.nio.channels.ReadableByteChannel,long,long]",PIPE_CAPACITY,1
E:\Siva_Finalproject_NDP_Classes\libsu\nio\src\main\java\com\topjohnwu\superuser\internal\RemoteFileChannel.java,com.topjohnwu.superuser.internal.RemoteFileChannel,read/1[java.nio.ByteBuffer],read,1
E:\Siva_Finalproject_NDP_Classes\libsu\nio\src\main\java\com\topjohnwu\superuser\internal\RemoteFileChannel.java,com.topjohnwu.superuser.internal.RemoteFileChannel,position/1[long],handle,1
E:\Siva_Finalproject_NDP_Classes\libsu\nio\src\main\java\com\topjohnwu\superuser\internal\RemoteFileChannel.java,com.topjohnwu.superuser.internal.RemoteFileChannel,position/1[long],fs,1
E:\Siva_Finalproject_NDP_Classes\libsu\nio\src\main\java\com\topjohnwu\superuser\internal\RemoteFileChannel.java,com.topjohnwu.superuser.internal.RemoteFileChannel,"map/3[java.nio.channels.FileChannel.MapMode,long,long]",mode,1
E:\Siva_Finalproject_NDP_Classes\libsu\nio\src\main\java\com\topjohnwu\superuser\internal\RemoteFileChannel.java,com.topjohnwu.superuser.internal.RemoteFileChannel,"read/3[java.nio.ByteBuffer[],int,int]",read,1
E:\Siva_Finalproject_NDP_Classes\libsu\nio\src\main\java\com\topjohnwu\superuser\internal\RemoteFileChannel.java,com.topjohnwu.superuser.internal.RemoteFileChannel,readable/0,mode,1
E:\Siva_Finalproject_NDP_Classes\libsu\nio\src\main\java\com\topjohnwu\superuser\internal\RemoteFileChannel.java,com.topjohnwu.superuser.internal.RemoteFileChannel,"RemoteFileChannel/3[com.topjohnwu.superuser.internal.IFileSystemService,java.io.File,int]",mode,4
E:\Siva_Finalproject_NDP_Classes\libsu\nio\src\main\java\com\topjohnwu\superuser\internal\RemoteFileChannel.java,com.topjohnwu.superuser.internal.RemoteFileChannel,"RemoteFileChannel/3[com.topjohnwu.superuser.internal.IFileSystemService,java.io.File,int]",read,1
E:\Siva_Finalproject_NDP_Classes\libsu\nio\src\main\java\com\topjohnwu\superuser\internal\RemoteFileChannel.java,com.topjohnwu.superuser.internal.RemoteFileChannel,"RemoteFileChannel/3[com.topjohnwu.superuser.internal.IFileSystemService,java.io.File,int]",handle,1
E:\Siva_Finalproject_NDP_Classes\libsu\nio\src\main\java\com\topjohnwu\superuser\internal\RemoteFileChannel.java,com.topjohnwu.superuser.internal.RemoteFileChannel,"RemoteFileChannel/3[com.topjohnwu.superuser.internal.IFileSystemService,java.io.File,int]",fs,4
E:\Siva_Finalproject_NDP_Classes\libsu\nio\src\main\java\com\topjohnwu\superuser\internal\RemoteFileChannel.java,com.topjohnwu.superuser.internal.RemoteFileChannel,"RemoteFileChannel/3[com.topjohnwu.superuser.internal.IFileSystemService,java.io.File,int]",write,1
E:\Siva_Finalproject_NDP_Classes\libsu\nio\src\main\java\com\topjohnwu\superuser\internal\RemoteFileChannel.java,com.topjohnwu.superuser.internal.RemoteFileChannel,truncate/1[long],handle,1
E:\Siva_Finalproject_NDP_Classes\libsu\nio\src\main\java\com\topjohnwu\superuser\internal\RemoteFileChannel.java,com.topjohnwu.superuser.internal.RemoteFileChannel,truncate/1[long],fs,1
E:\Siva_Finalproject_NDP_Classes\libsu\io\src\main\java\com\topjohnwu\superuser\internal\ShellPipeStream.java,com.topjohnwu.superuser.internal.ShellPipeStream,"openWriteStream/2[com.topjohnwu.superuser.io.SuFile,boolean]",END_CMD,1
E:\Siva_Finalproject_NDP_Classes\libsu\io\src\main\java\com\topjohnwu\superuser\internal\ShellPipeStream.java,com.topjohnwu.superuser.internal.ShellPipeStream,"openWriteStream/2[com.topjohnwu.superuser.io.SuFile,boolean]",FIFO_TIMEOUT,1
E:\Siva_Finalproject_NDP_Classes\libsu\io\src\main\java\com\topjohnwu\superuser\internal\ShellPipeStream.java,com.topjohnwu.superuser.internal.ShellPipeStream,"openWriteStream/2[com.topjohnwu.superuser.io.SuFile,boolean]",TAG,1
E:\Siva_Finalproject_NDP_Classes\libsu\io\src\main\java\com\topjohnwu\superuser\internal\ShellPipeStream.java,com.topjohnwu.superuser.internal.ShellPipeStream,openReadStream/1[com.topjohnwu.superuser.io.SuFile],END_CMD,1
E:\Siva_Finalproject_NDP_Classes\libsu\io\src\main\java\com\topjohnwu\superuser\internal\ShellPipeStream.java,com.topjohnwu.superuser.internal.ShellPipeStream,openReadStream/1[com.topjohnwu.superuser.io.SuFile],FIFO_TIMEOUT,1
E:\Siva_Finalproject_NDP_Classes\libsu\io\src\main\java\com\topjohnwu\superuser\internal\ShellPipeStream.java,com.topjohnwu.superuser.internal.ShellPipeStream,openReadStream/1[com.topjohnwu.superuser.io.SuFile],TAG,1
E:\Siva_Finalproject_NDP_Classes\libsu\core\src\main\java\com\topjohnwu\superuser\internal\StreamGobbler.java,com.topjohnwu.superuser.internal.StreamGobbler,process/1[boolean],in,1
E:\Siva_Finalproject_NDP_Classes\libsu\core\src\main\java\com\topjohnwu\superuser\internal\StreamGobbler.java,com.topjohnwu.superuser.internal.StreamGobbler,outputAndCheck/1[java.lang.String],TAG,1
E:\Siva_Finalproject_NDP_Classes\libsu\core\src\main\java\com\topjohnwu\superuser\internal\StreamGobbler.java,com.topjohnwu.superuser.internal.StreamGobbler,outputAndCheck/1[java.lang.String],list,2
E:\Siva_Finalproject_NDP_Classes\libsu\core\src\main\java\com\topjohnwu\superuser\internal\StreamGobbler.java,com.topjohnwu.superuser.internal.StreamGobbler,"StreamGobbler/2[java.io.InputStream,java.util.List<java.lang.String>]",in,3
E:\Siva_Finalproject_NDP_Classes\libsu\core\src\main\java\com\topjohnwu\superuser\internal\StreamGobbler.java,com.topjohnwu.superuser.internal.StreamGobbler,"StreamGobbler/2[java.io.InputStream,java.util.List<java.lang.String>]",list,3
E:\Siva_Finalproject_NDP_Classes\libsu\core\src\main\java\com\topjohnwu\superuser\internal\SerialExecutorService.java,com.topjohnwu.superuser.internal.SerialExecutorService,"awaitTermination/2[long,java.util.concurrent.TimeUnit]",scheduleTask,2
E:\Siva_Finalproject_NDP_Classes\libsu\core\src\main\java\com\topjohnwu\superuser\internal\SerialExecutorService.java,com.topjohnwu.superuser.internal.SerialExecutorService,shutdown/0,mTasks,1
E:\Siva_Finalproject_NDP_Classes\libsu\core\src\main\java\com\topjohnwu\superuser\internal\SerialExecutorService.java,com.topjohnwu.superuser.internal.SerialExecutorService,shutdown/0,isShutdown,1
E:\Siva_Finalproject_NDP_Classes\libsu\core\src\main\java\com\topjohnwu\superuser\internal\SerialExecutorService.java,com.topjohnwu.superuser.internal.SerialExecutorService,isShutdown/0,isShutdown,2
E:\Siva_Finalproject_NDP_Classes\libsu\core\src\main\java\com\topjohnwu\superuser\internal\SerialExecutorService.java,com.topjohnwu.superuser.internal.SerialExecutorService,shutdownNow/0,scheduleTask,2
E:\Siva_Finalproject_NDP_Classes\libsu\core\src\main\java\com\topjohnwu\superuser\internal\SerialExecutorService.java,com.topjohnwu.superuser.internal.SerialExecutorService,shutdownNow/0,mTasks,2
E:\Siva_Finalproject_NDP_Classes\libsu\core\src\main\java\com\topjohnwu\superuser\internal\SerialExecutorService.java,com.topjohnwu.superuser.internal.SerialExecutorService,shutdownNow/0,isShutdown,1
E:\Siva_Finalproject_NDP_Classes\libsu\core\src\main\java\com\topjohnwu\superuser\internal\SerialExecutorService.java,com.topjohnwu.superuser.internal.SerialExecutorService,call/0,scheduleTask,1
E:\Siva_Finalproject_NDP_Classes\libsu\core\src\main\java\com\topjohnwu\superuser\internal\SerialExecutorService.java,com.topjohnwu.superuser.internal.SerialExecutorService,call/0,mTasks,1
E:\Siva_Finalproject_NDP_Classes\libsu\core\src\main\java\com\topjohnwu\superuser\internal\SerialExecutorService.java,com.topjohnwu.superuser.internal.SerialExecutorService,execute/1[java.lang.Runnable],scheduleTask,3
E:\Siva_Finalproject_NDP_Classes\libsu\core\src\main\java\com\topjohnwu\superuser\internal\SerialExecutorService.java,com.topjohnwu.superuser.internal.SerialExecutorService,execute/1[java.lang.Runnable],mTasks,1
E:\Siva_Finalproject_NDP_Classes\libsu\core\src\main\java\com\topjohnwu\superuser\internal\SerialExecutorService.java,com.topjohnwu.superuser.internal.SerialExecutorService,execute/1[java.lang.Runnable],isShutdown,1
E:\Siva_Finalproject_NDP_Classes\libsu\core\src\main\java\com\topjohnwu\superuser\internal\SerialExecutorService.java,com.topjohnwu.superuser.internal.SerialExecutorService,isTerminated/0,scheduleTask,1
E:\Siva_Finalproject_NDP_Classes\libsu\core\src\main\java\com\topjohnwu\superuser\internal\SerialExecutorService.java,com.topjohnwu.superuser.internal.SerialExecutorService,isTerminated/0,isShutdown,1
E:\Siva_Finalproject_NDP_Classes\libsu\example\src\main\java\com\topjohnwu\libsuexample\MainActivity.java,com.topjohnwu.libsuexample.MainActivity$MSGConnection,stop/0,m,2
E:\Siva_Finalproject_NDP_Classes\libsu\example\src\main\java\com\topjohnwu\libsuexample\MainActivity.java,com.topjohnwu.libsuexample.MainActivity$MSGConnection,"onServiceConnected/2[com.topjohnwu.libsuexample.ComponentName,com.topjohnwu.libsuexample.IBinder]",m,2
E:\Siva_Finalproject_NDP_Classes\libsu\service\src\main\java\com\topjohnwu\superuser\internal\RootServiceManager.java,com.topjohnwu.superuser.internal.RootServiceManager$ServiceReceiver,ServiceReceiver/0,m,1
E:\Siva_Finalproject_NDP_Classes\libsu\service\src\main\java\com\topjohnwu\superuser\internal\RootServiceManager.java,com.topjohnwu.superuser.internal.RootServiceManager$ServiceReceiver,"onReceive/2[com.topjohnwu.superuser.internal.Context,com.topjohnwu.superuser.internal.Intent]",m,1
E:\Siva_Finalproject_NDP_Classes\libsu\nio\src\main\java\com\topjohnwu\superuser\internal\RemoteFile.java,com.topjohnwu.superuser.internal.RemoteFile,"setWritable/2[boolean,boolean]",fs,1
E:\Siva_Finalproject_NDP_Classes\libsu\nio\src\main\java\com\topjohnwu\superuser\internal\RemoteFile.java,com.topjohnwu.superuser.internal.RemoteFile,isBlock/0,fs,1
E:\Siva_Finalproject_NDP_Classes\libsu\nio\src\main\java\com\topjohnwu\superuser\internal\RemoteFile.java,com.topjohnwu.superuser.internal.RemoteFile,mkdirs/0,fs,1
E:\Siva_Finalproject_NDP_Classes\libsu\nio\src\main\java\com\topjohnwu\superuser\internal\RemoteFile.java,com.topjohnwu.superuser.internal.RemoteFile,delete/0,fs,1
E:\Siva_Finalproject_NDP_Classes\libsu\nio\src\main\java\com\topjohnwu\superuser\internal\RemoteFile.java,com.topjohnwu.superuser.internal.RemoteFile,renameTo/1[java.io.File],fs,1
E:\Siva_Finalproject_NDP_Classes\libsu\nio\src\main\java\com\topjohnwu\superuser\internal\RemoteFile.java,com.topjohnwu.superuser.internal.RemoteFile,getFreeSpace/0,fs,1
E:\Siva_Finalproject_NDP_Classes\libsu\nio\src\main\java\com\topjohnwu\superuser\internal\RemoteFile.java,com.topjohnwu.superuser.internal.RemoteFile,newInputStream/0,fs,1
E:\Siva_Finalproject_NDP_Classes\libsu\nio\src\main\java\com\topjohnwu\superuser\internal\RemoteFile.java,com.topjohnwu.superuser.internal.RemoteFile,isHidden/0,fs,1
E:\Siva_Finalproject_NDP_Classes\libsu\nio\src\main\java\com\topjohnwu\superuser\internal\RemoteFile.java,com.topjohnwu.superuser.internal.RemoteFile,createNewFile/0,fs,1
E:\Siva_Finalproject_NDP_Classes\libsu\nio\src\main\java\com\topjohnwu\superuser\internal\RemoteFile.java,com.topjohnwu.superuser.internal.RemoteFile,getCanonicalPath/0,fs,1
E:\Siva_Finalproject_NDP_Classes\libsu\nio\src\main\java\com\topjohnwu\superuser\internal\RemoteFile.java,com.topjohnwu.superuser.internal.RemoteFile,getUsableSpace/0,fs,1
E:\Siva_Finalproject_NDP_Classes\libsu\nio\src\main\java\com\topjohnwu\superuser\internal\RemoteFile.java,com.topjohnwu.superuser.internal.RemoteFile,mkdir/0,fs,1
E:\Siva_Finalproject_NDP_Classes\libsu\nio\src\main\java\com\topjohnwu\superuser\internal\RemoteFile.java,com.topjohnwu.superuser.internal.RemoteFile,isFile/0,fs,1
E:\Siva_Finalproject_NDP_Classes\libsu\nio\src\main\java\com\topjohnwu\superuser\internal\RemoteFile.java,com.topjohnwu.superuser.internal.RemoteFile,isSymlink/0,fs,1
E:\Siva_Finalproject_NDP_Classes\libsu\nio\src\main\java\com\topjohnwu\superuser\internal\RemoteFile.java,com.topjohnwu.superuser.internal.RemoteFile,lastModified/0,fs,1
E:\Siva_Finalproject_NDP_Classes\libsu\nio\src\main\java\com\topjohnwu\superuser\internal\RemoteFile.java,com.topjohnwu.superuser.internal.RemoteFile,list/0,fs,1
E:\Siva_Finalproject_NDP_Classes\libsu\nio\src\main\java\com\topjohnwu\superuser\internal\RemoteFile.java,com.topjohnwu.superuser.internal.RemoteFile,createNewSymlink/1[java.lang.String],fs,1
E:\Siva_Finalproject_NDP_Classes\libsu\nio\src\main\java\com\topjohnwu\superuser\internal\RemoteFile.java,com.topjohnwu.superuser.internal.RemoteFile,"RemoteFile/3[com.topjohnwu.superuser.internal.IFileSystemService,java.lang.String,java.lang.String]",fs,1
E:\Siva_Finalproject_NDP_Classes\libsu\nio\src\main\java\com\topjohnwu\superuser\internal\RemoteFile.java,com.topjohnwu.superuser.internal.RemoteFile,getTotalSpace/0,fs,1
E:\Siva_Finalproject_NDP_Classes\libsu\nio\src\main\java\com\topjohnwu\superuser\internal\RemoteFile.java,com.topjohnwu.superuser.internal.RemoteFile,isCharacter/0,fs,1
E:\Siva_Finalproject_NDP_Classes\libsu\nio\src\main\java\com\topjohnwu\superuser\internal\RemoteFile.java,com.topjohnwu.superuser.internal.RemoteFile,getChildFile/1[java.lang.String],fs,1
E:\Siva_Finalproject_NDP_Classes\libsu\nio\src\main\java\com\topjohnwu\superuser\internal\RemoteFile.java,com.topjohnwu.superuser.internal.RemoteFile,"setReadable/2[boolean,boolean]",fs,1
E:\Siva_Finalproject_NDP_Classes\libsu\nio\src\main\java\com\topjohnwu\superuser\internal\RemoteFile.java,com.topjohnwu.superuser.internal.RemoteFile,createNewLink/1[java.lang.String],fs,1
E:\Siva_Finalproject_NDP_Classes\libsu\nio\src\main\java\com\topjohnwu\superuser\internal\RemoteFile.java,com.topjohnwu.superuser.internal.RemoteFile,checkAccess/1[int],fs,1
E:\Siva_Finalproject_NDP_Classes\libsu\nio\src\main\java\com\topjohnwu\superuser\internal\RemoteFile.java,com.topjohnwu.superuser.internal.RemoteFile,isDirectory/0,fs,1
E:\Siva_Finalproject_NDP_Classes\libsu\nio\src\main\java\com\topjohnwu\superuser\internal\RemoteFile.java,com.topjohnwu.superuser.internal.RemoteFile,setReadOnly/0,fs,1
E:\Siva_Finalproject_NDP_Classes\libsu\nio\src\main\java\com\topjohnwu\superuser\internal\RemoteFile.java,com.topjohnwu.superuser.internal.RemoteFile,length/0,fs,1
E:\Siva_Finalproject_NDP_Classes\libsu\nio\src\main\java\com\topjohnwu\superuser\internal\RemoteFile.java,com.topjohnwu.superuser.internal.RemoteFile,"RemoteFile/2[com.topjohnwu.superuser.internal.IFileSystemService,java.lang.String]",fs,1
E:\Siva_Finalproject_NDP_Classes\libsu\nio\src\main\java\com\topjohnwu\superuser\internal\RemoteFile.java,com.topjohnwu.superuser.internal.RemoteFile,"setExecutable/2[boolean,boolean]",fs,1
E:\Siva_Finalproject_NDP_Classes\libsu\nio\src\main\java\com\topjohnwu\superuser\internal\RemoteFile.java,com.topjohnwu.superuser.internal.RemoteFile,setLastModified/1[long],fs,1
E:\Siva_Finalproject_NDP_Classes\libsu\nio\src\main\java\com\topjohnwu\superuser\internal\RemoteFile.java,com.topjohnwu.superuser.internal.RemoteFile,isNamedPipe/0,fs,1
E:\Siva_Finalproject_NDP_Classes\libsu\nio\src\main\java\com\topjohnwu\superuser\internal\RemoteFile.java,com.topjohnwu.superuser.internal.RemoteFile,isSocket/0,fs,1
E:\Siva_Finalproject_NDP_Classes\libsu\nio\src\main\java\com\topjohnwu\superuser\internal\RemoteFile.java,com.topjohnwu.superuser.internal.RemoteFile,create/1[java.lang.String],fs,1
E:\Siva_Finalproject_NDP_Classes\libsu\nio\src\main\java\com\topjohnwu\superuser\internal\RemoteFile.java,com.topjohnwu.superuser.internal.RemoteFile,newOutputStream/1[boolean],fs,1
E:\Siva_Finalproject_NDP_Classes\libsu\nio\src\main\java\com\topjohnwu\superuser\nio\FileSystemManager.java,com.topjohnwu.superuser.nio.FileSystemManager,getLocal/0,LOCAL,1
E:\Siva_Finalproject_NDP_Classes\libsu\nio\src\main\java\com\topjohnwu\superuser\nio\FileSystemManager.java,com.topjohnwu.superuser.nio.FileSystemManager,getService/0,fsService,3
E:\Siva_Finalproject_NDP_Classes\libsu\core\src\main\java\com\topjohnwu\superuser\Shell.java,com.topjohnwu.superuser.Shell,getStatus/0,NON_ROOT_SHELL,1
E:\Siva_Finalproject_NDP_Classes\libsu\core\src\main\java\com\topjohnwu\superuser\Shell.java,com.topjohnwu.superuser.Shell,getStatus/0,UNKNOWN,1
E:\Siva_Finalproject_NDP_Classes\libsu\core\src\main\java\com\topjohnwu\superuser\Shell.java,com.topjohnwu.superuser.Shell,getStatus/0,ROOT_SHELL,1
E:\Siva_Finalproject_NDP_Classes\libsu\core\src\main\java\com\topjohnwu\superuser\Shell.java,com.topjohnwu.superuser.Shell,isRoot/0,ROOT_SHELL,1
E:\Siva_Finalproject_NDP_Classes\libsu\core\src\main\java\com\topjohnwu\superuser\ShellUtils.java,com.topjohnwu.superuser.ShellUtils,escapedString/1[java.lang.String],SINGLE_QUOTE,3
E:\Siva_Finalproject_NDP_Classes\libsu\service\src\main\java\com\topjohnwu\superuser\internal\RootServiceManager.java,com.topjohnwu.superuser.internal.RootServiceManager$RemoteProcess,RemoteProcess/1[com.topjohnwu.superuser.internal.IRootServiceManager],mgr,1
E:\Siva_Finalproject_NDP_Classes\libsu\service\src\main\java\com\topjohnwu\superuser\internal\RootServerMain.java,com.topjohnwu.superuser.internal.RootServerMain,call/0,uid,1
E:\Siva_Finalproject_NDP_Classes\libsu\service\src\main\java\com\topjohnwu\superuser\internal\RootServerMain.java,com.topjohnwu.superuser.internal.RootServerMain,call/0,isDaemon,1
E:\Siva_Finalproject_NDP_Classes\libsu\service\src\main\java\com\topjohnwu\superuser\internal\RootServerMain.java,com.topjohnwu.superuser.internal.RootServerMain,RootServerMain/1[java.lang.String[]],uid,4
E:\Siva_Finalproject_NDP_Classes\libsu\service\src\main\java\com\topjohnwu\superuser\internal\RootServerMain.java,com.topjohnwu.superuser.internal.RootServerMain,RootServerMain/1[java.lang.String[]],CMDLINE_START_DAEMON,1
E:\Siva_Finalproject_NDP_Classes\libsu\service\src\main\java\com\topjohnwu\superuser\internal\RootServerMain.java,com.topjohnwu.superuser.internal.RootServerMain,RootServerMain/1[java.lang.String[]],isDaemon,3
E:\Siva_Finalproject_NDP_Classes\libsu\service\src\main\java\com\topjohnwu\superuser\internal\RootServerMain.java,com.topjohnwu.superuser.internal.RootServerMain,RootServerMain/1[java.lang.String[]],CMDLINE_STOP_SERVICE,1
E:\Siva_Finalproject_NDP_Classes\libsu\service\src\main\java\com\topjohnwu\superuser\internal\RootServerMain.java,com.topjohnwu.superuser.internal.RootServerMain,RootServerMain/1[java.lang.String[]],attachBaseContext,2
E:\Siva_Finalproject_NDP_Classes\libsu\service\src\main\java\com\topjohnwu\superuser\internal\RootServerMain.java,com.topjohnwu.superuser.internal.RootServerMain,RootServerMain/1[java.lang.String[]],CMDLINE_START_SERVICE,1
E:\Siva_Finalproject_NDP_Classes\libsu\service\src\main\java\com\topjohnwu\superuser\internal\RootServerMain.java,com.topjohnwu.superuser.internal.RootServerMain,RootServerMain/1[java.lang.String[]],getService,1
E:\Siva_Finalproject_NDP_Classes\libsu\core\src\main\java\com\topjohnwu\superuser\internal\Utils.java,com.topjohnwu.superuser.internal.Utils,ex/1[java.lang.Throwable],TAG,1
E:\Siva_Finalproject_NDP_Classes\libsu\core\src\main\java\com\topjohnwu\superuser\internal\Utils.java,com.topjohnwu.superuser.internal.Utils,setContext/1[com.topjohnwu.superuser.internal.Context],context,1
E:\Siva_Finalproject_NDP_Classes\libsu\core\src\main\java\com\topjohnwu\superuser\internal\Utils.java,com.topjohnwu.superuser.internal.Utils,isSynchronized/1[java.util.Collection<?>],synchronizedCollectionClass,3
E:\Siva_Finalproject_NDP_Classes\libsu\core\src\main\java\com\topjohnwu\superuser\internal\Utils.java,com.topjohnwu.superuser.internal.Utils,log/1[java.lang.Object],TAG,1
E:\Siva_Finalproject_NDP_Classes\libsu\core\src\main\java\com\topjohnwu\superuser\internal\Utils.java,com.topjohnwu.superuser.internal.Utils,err/1[java.lang.Throwable],TAG,1
E:\Siva_Finalproject_NDP_Classes\libsu\core\src\main\java\com\topjohnwu\superuser\internal\Utils.java,com.topjohnwu.superuser.internal.Utils,getContextImpl/1[com.topjohnwu.superuser.internal.Context],context,5
E:\Siva_Finalproject_NDP_Classes\libsu\core\src\main\java\com\topjohnwu\superuser\internal\Utils.java,com.topjohnwu.superuser.internal.Utils,setConfirmedRootState/1[boolean],currentRootState,1
E:\Siva_Finalproject_NDP_Classes\libsu\core\src\main\java\com\topjohnwu\superuser\internal\Utils.java,com.topjohnwu.superuser.internal.Utils,getContext/0,context,3
E:\Siva_Finalproject_NDP_Classes\libsu\core\src\main\java\com\topjohnwu\superuser\internal\Utils.java,com.topjohnwu.superuser.internal.Utils,isAppGrantedRoot/0,currentRootState,5
E:\Siva_Finalproject_NDP_Classes\libsu\core\src\main\java\com\topjohnwu\superuser\internal\Utils.java,com.topjohnwu.superuser.internal.Utils,hasStartupAgents/1[com.topjohnwu.superuser.internal.Context],context,2
E:\Siva_Finalproject_NDP_Classes\libsu\core\src\main\java\com\topjohnwu\superuser\CallbackList.java,com.topjohnwu.superuser.CallbackList,"add/2[int,E]",mBase,2
E:\Siva_Finalproject_NDP_Classes\libsu\core\src\main\java\com\topjohnwu\superuser\CallbackList.java,com.topjohnwu.superuser.CallbackList,"add/2[int,E]",mExecutor,1
E:\Siva_Finalproject_NDP_Classes\libsu\core\src\main\java\com\topjohnwu\superuser\CallbackList.java,com.topjohnwu.superuser.CallbackList,"CallbackList/2[java.util.concurrent.Executor,java.util.List<E>]",mBase,1
E:\Siva_Finalproject_NDP_Classes\libsu\core\src\main\java\com\topjohnwu\superuser\CallbackList.java,com.topjohnwu.superuser.CallbackList,"CallbackList/2[java.util.concurrent.Executor,java.util.List<E>]",mExecutor,1
E:\Siva_Finalproject_NDP_Classes\libsu\core\src\main\java\com\topjohnwu\superuser\CallbackList.java,com.topjohnwu.superuser.CallbackList,"set/2[int,E]",mBase,2
E:\Siva_Finalproject_NDP_Classes\libsu\core\src\main\java\com\topjohnwu\superuser\CallbackList.java,com.topjohnwu.superuser.CallbackList,remove/1[int],mBase,2
E:\Siva_Finalproject_NDP_Classes\libsu\core\src\main\java\com\topjohnwu\superuser\CallbackList.java,com.topjohnwu.superuser.CallbackList,size/0,mBase,2
E:\Siva_Finalproject_NDP_Classes\libsu\core\src\main\java\com\topjohnwu\superuser\CallbackList.java,com.topjohnwu.superuser.CallbackList,get/1[int],mBase,2
E:\Siva_Finalproject_NDP_Classes\libsu\io\src\main\java\com\topjohnwu\superuser\io\SuFile.java,com.topjohnwu.superuser.io.SuFile,cmdBool/1[java.lang.String],escapedPath,1
E:\Siva_Finalproject_NDP_Classes\libsu\io\src\main\java\com\topjohnwu\superuser\io\SuFile.java,com.topjohnwu.superuser.io.SuFile,list/1[java.io.FilenameFilter],escapedPath,1
E:\Siva_Finalproject_NDP_Classes\libsu\io\src\main\java\com\topjohnwu\superuser\io\SuFile.java,com.topjohnwu.superuser.io.SuFile,getChildFile/1[java.lang.String],mShell,1
E:\Siva_Finalproject_NDP_Classes\libsu\io\src\main\java\com\topjohnwu\superuser\io\SuFile.java,com.topjohnwu.superuser.io.SuFile,renameTo/1[java.io.File],escapedPath,1
E:\Siva_Finalproject_NDP_Classes\libsu\io\src\main\java\com\topjohnwu\superuser\io\SuFile.java,com.topjohnwu.superuser.io.SuFile,SuFile/1[java.io.File],escapedPath,1
E:\Siva_Finalproject_NDP_Classes\libsu\io\src\main\java\com\topjohnwu\superuser\io\SuFile.java,com.topjohnwu.superuser.io.SuFile,getEscapedPath/0,escapedPath,1
E:\Siva_Finalproject_NDP_Classes\libsu\io\src\main\java\com\topjohnwu\superuser\io\SuFile.java,com.topjohnwu.superuser.io.SuFile,cmd/1[java.lang.String],escapedPath,1
E:\Siva_Finalproject_NDP_Classes\libsu\io\src\main\java\com\topjohnwu\superuser\io\SuFile.java,com.topjohnwu.superuser.io.SuFile,create/1[java.lang.String],mShell,1
E:\Siva_Finalproject_NDP_Classes\libsu\io\src\main\java\com\topjohnwu\superuser\io\SuFile.java,com.topjohnwu.superuser.io.SuFile,setShell/1[com.topjohnwu.superuser.Shell],mShell,1
E:\Siva_Finalproject_NDP_Classes\libsu\io\src\main\java\com\topjohnwu\superuser\io\SuFile.java,com.topjohnwu.superuser.io.SuFile,getShell/0,mShell,2
E:\Siva_Finalproject_NDP_Classes\libsu\core\src\main\java\com\topjohnwu\superuser\Shell.java,com.topjohnwu.superuser.Shell$Result,getCode/0,JOB_NOT_EXECUTED,1
E:\Siva_Finalproject_NDP_Classes\libsu\io\src\main\java\com\topjohnwu\superuser\internal\ShellBlockIO.java,com.topjohnwu.superuser.internal.ShellBlockIO,"alignedRead/5[byte[],int,int,int,int]",blockSize,1
E:\Siva_Finalproject_NDP_Classes\libsu\io\src\main\java\com\topjohnwu\superuser\internal\ShellBlockIO.java,com.topjohnwu.superuser.internal.ShellBlockIO,"write/3[byte[],int,int]",blockSize,1
E:\Siva_Finalproject_NDP_Classes\libsu\io\src\main\java\com\topjohnwu\superuser\internal\ShellBlockIO.java,com.topjohnwu.superuser.internal.ShellBlockIO,length/0,blockSize,1
E:\Siva_Finalproject_NDP_Classes\libsu\io\src\main\java\com\topjohnwu\superuser\internal\ShellBlockIO.java,com.topjohnwu.superuser.internal.ShellBlockIO,"ShellBlockIO/2[com.topjohnwu.superuser.io.SuFile,java.lang.String]",blockSize,1
E:\Siva_Finalproject_NDP_Classes\libsu\io\src\main\java\com\topjohnwu\superuser\internal\ShellBlockIO.java,com.topjohnwu.superuser.internal.ShellBlockIO,seek/1[long],blockSize,1
E:\Siva_Finalproject_NDP_Classes\libsu\service\src\main\java\com\topjohnwu\superuser\internal\RootServiceManager.java,com.topjohnwu.superuser.internal.RootServiceManager,createStopTask/1[com.topjohnwu.superuser.internal.Intent],mRemote,1
E:\Siva_Finalproject_NDP_Classes\libsu\service\src\main\java\com\topjohnwu\superuser\internal\RootServiceManager.java,com.topjohnwu.superuser.internal.RootServiceManager,createStopTask/1[com.topjohnwu.superuser.internal.Intent],mDaemon,1
E:\Siva_Finalproject_NDP_Classes\libsu\service\src\main\java\com\topjohnwu\superuser\internal\RootServiceManager.java,com.topjohnwu.superuser.internal.RootServiceManager,createStopTask/1[com.topjohnwu.superuser.internal.Intent],TAG,1
E:\Siva_Finalproject_NDP_Classes\libsu\service\src\main\java\com\topjohnwu\superuser\internal\RootServiceManager.java,com.topjohnwu.superuser.internal.RootServiceManager,"createBindTask/3[com.topjohnwu.superuser.internal.Intent,java.util.concurrent.Executor,com.topjohnwu.superuser.internal.ServiceConnection]",pendingTasks,1
E:\Siva_Finalproject_NDP_Classes\libsu\service\src\main\java\com\topjohnwu\superuser\internal\RootServiceManager.java,com.topjohnwu.superuser.internal.RootServiceManager,"createBindTask/3[com.topjohnwu.superuser.internal.Intent,java.util.concurrent.Executor,com.topjohnwu.superuser.internal.ServiceConnection]",DAEMON_EN_ROUTE,1
E:\Siva_Finalproject_NDP_Classes\libsu\service\src\main\java\com\topjohnwu\superuser\internal\RootServiceManager.java,com.topjohnwu.superuser.internal.RootServiceManager,"createBindTask/3[com.topjohnwu.superuser.internal.Intent,java.util.concurrent.Executor,com.topjohnwu.superuser.internal.ServiceConnection]",flags,2
E:\Siva_Finalproject_NDP_Classes\libsu\service\src\main\java\com\topjohnwu\superuser\internal\RootServiceManager.java,com.topjohnwu.superuser.internal.RootServiceManager,"createBindTask/3[com.topjohnwu.superuser.internal.Intent,java.util.concurrent.Executor,com.topjohnwu.superuser.internal.ServiceConnection]",REMOTE_EN_ROUTE,1
E:\Siva_Finalproject_NDP_Classes\libsu\service\src\main\java\com\topjohnwu\superuser\internal\RootServiceManager.java,com.topjohnwu.superuser.internal.RootServiceManager,getInstance/0,mInstance,3
E:\Siva_Finalproject_NDP_Classes\libsu\service\src\main\java\com\topjohnwu\superuser\internal\RootServiceManager.java,com.topjohnwu.superuser.internal.RootServiceManager,handleMessage/1[com.topjohnwu.superuser.internal.Message],MSG_STOP,1
E:\Siva_Finalproject_NDP_Classes\libsu\service\src\main\java\com\topjohnwu\superuser\internal\RootServiceManager.java,com.topjohnwu.superuser.internal.RootServiceManager,"getBroadcastIntent/2[com.topjohnwu.superuser.internal.IBinder,boolean]",INTENT_DAEMON_KEY,1
E:\Siva_Finalproject_NDP_Classes\libsu\service\src\main\java\com\topjohnwu\superuser\internal\RootServiceManager.java,com.topjohnwu.superuser.internal.RootServiceManager,"getBroadcastIntent/2[com.topjohnwu.superuser.internal.IBinder,boolean]",INTENT_BUNDLE_KEY,1
E:\Siva_Finalproject_NDP_Classes\libsu\service\src\main\java\com\topjohnwu\superuser\internal\RootServiceManager.java,com.topjohnwu.superuser.internal.RootServiceManager,"getBroadcastIntent/2[com.topjohnwu.superuser.internal.IBinder,boolean]",RECEIVER_BROADCAST,1
E:\Siva_Finalproject_NDP_Classes\libsu\service\src\main\java\com\topjohnwu\superuser\internal\RootServiceManager.java,com.topjohnwu.superuser.internal.RootServiceManager,"getBroadcastIntent/2[com.topjohnwu.superuser.internal.IBinder,boolean]",BUNDLE_BINDER_KEY,1
E:\Siva_Finalproject_NDP_Classes\libsu\service\src\main\java\com\topjohnwu\superuser\internal\RootServiceManager.java,com.topjohnwu.superuser.internal.RootServiceManager,"bindInternal/3[com.topjohnwu.superuser.internal.Intent,java.util.concurrent.Executor,com.topjohnwu.superuser.internal.ServiceConnection]",mRemote,1
E:\Siva_Finalproject_NDP_Classes\libsu\service\src\main\java\com\topjohnwu\superuser\internal\RootServiceManager.java,com.topjohnwu.superuser.internal.RootServiceManager,"bindInternal/3[com.topjohnwu.superuser.internal.Intent,java.util.concurrent.Executor,com.topjohnwu.superuser.internal.ServiceConnection]",mDaemon,1
E:\Siva_Finalproject_NDP_Classes\libsu\service\src\main\java\com\topjohnwu\superuser\internal\RootServiceManager.java,com.topjohnwu.superuser.internal.RootServiceManager,"bindInternal/3[com.topjohnwu.superuser.internal.Intent,java.util.concurrent.Executor,com.topjohnwu.superuser.internal.ServiceConnection]",services,2
E:\Siva_Finalproject_NDP_Classes\libsu\service\src\main\java\com\topjohnwu\superuser\internal\RootServiceManager.java,com.topjohnwu.superuser.internal.RootServiceManager,"bindInternal/3[com.topjohnwu.superuser.internal.Intent,java.util.concurrent.Executor,com.topjohnwu.superuser.internal.ServiceConnection]",TAG,1
E:\Siva_Finalproject_NDP_Classes\libsu\service\src\main\java\com\topjohnwu\superuser\internal\RootServiceManager.java,com.topjohnwu.superuser.internal.RootServiceManager,"bindInternal/3[com.topjohnwu.superuser.internal.Intent,java.util.concurrent.Executor,com.topjohnwu.superuser.internal.ServiceConnection]",connections,2
E:\Siva_Finalproject_NDP_Classes\libsu\service\src\main\java\com\topjohnwu\superuser\internal\RootServiceManager.java,com.topjohnwu.superuser.internal.RootServiceManager,unbind/1[com.topjohnwu.superuser.internal.ServiceConnection],services,1
E:\Siva_Finalproject_NDP_Classes\libsu\service\src\main\java\com\topjohnwu\superuser\internal\RootServiceManager.java,com.topjohnwu.superuser.internal.RootServiceManager,unbind/1[com.topjohnwu.superuser.internal.ServiceConnection],TAG,1
E:\Siva_Finalproject_NDP_Classes\libsu\service\src\main\java\com\topjohnwu\superuser\internal\RootServiceManager.java,com.topjohnwu.superuser.internal.RootServiceManager,unbind/1[com.topjohnwu.superuser.internal.ServiceConnection],connections,1
E:\Siva_Finalproject_NDP_Classes\libsu\service\src\main\java\com\topjohnwu\superuser\internal\RootServiceManager.java,com.topjohnwu.superuser.internal.RootServiceManager,dropConnections/1[com.topjohnwu.superuser.internal.RootServiceManager.Predicate],connections,1
E:\Siva_Finalproject_NDP_Classes\libsu\service\src\main\java\com\topjohnwu\superuser\internal\RootServiceManager.java,com.topjohnwu.superuser.internal.RootServiceManager,onServiceStopped/1[com.topjohnwu.superuser.internal.RootServiceManager.ServiceKey],services,1
E:\Siva_Finalproject_NDP_Classes\libsu\service\src\main\java\com\topjohnwu\superuser\internal\RootServiceManager.java,com.topjohnwu.superuser.internal.RootServiceManager,"startRootProcess/2[com.topjohnwu.superuser.internal.ComponentName,java.lang.String]",API_28_DEBUG,1
E:\Siva_Finalproject_NDP_Classes\libsu\service\src\main\java\com\topjohnwu\superuser\internal\RootServiceManager.java,com.topjohnwu.superuser.internal.RootServiceManager,"startRootProcess/2[com.topjohnwu.superuser.internal.ComponentName,java.lang.String]",RECEIVER_BROADCAST,1
E:\Siva_Finalproject_NDP_Classes\libsu\service\src\main\java\com\topjohnwu\superuser\internal\RootServiceManager.java,com.topjohnwu.superuser.internal.RootServiceManager,"startRootProcess/2[com.topjohnwu.superuser.internal.ComponentName,java.lang.String]",flags,2
E:\Siva_Finalproject_NDP_Classes\libsu\service\src\main\java\com\topjohnwu\superuser\internal\RootServiceManager.java,com.topjohnwu.superuser.internal.RootServiceManager,"startRootProcess/2[com.topjohnwu.superuser.internal.ComponentName,java.lang.String]",JVMTI_ERROR,1
E:\Siva_Finalproject_NDP_Classes\libsu\service\src\main\java\com\topjohnwu\superuser\internal\RootServiceManager.java,com.topjohnwu.superuser.internal.RootServiceManager,"startRootProcess/2[com.topjohnwu.superuser.internal.ComponentName,java.lang.String]",TAG,2
E:\Siva_Finalproject_NDP_Classes\libsu\service\src\main\java\com\topjohnwu\superuser\internal\RootServiceManager.java,com.topjohnwu.superuser.internal.RootServiceManager,"startRootProcess/2[com.topjohnwu.superuser.internal.ComponentName,java.lang.String]",RECEIVER_REGISTERED,2
E:\Siva_Finalproject_NDP_Classes\libsu\service\src\main\java\com\topjohnwu\superuser\internal\RootServiceManager.java,com.topjohnwu.superuser.internal.RootServiceManager,"startRootProcess/2[com.topjohnwu.superuser.internal.ComponentName,java.lang.String]",DEBUG_ENV,1
E:\Siva_Finalproject_NDP_Classes\libsu\service\src\main\java\com\topjohnwu\superuser\internal\RootServiceManager.java,com.topjohnwu.superuser.internal.RootServiceManager,"startRootProcess/2[com.topjohnwu.superuser.internal.ComponentName,java.lang.String]",API_27_DEBUG,1
E:\Siva_Finalproject_NDP_Classes\libsu\service\src\main\java\com\topjohnwu\superuser\internal\RootServiceManager.java,com.topjohnwu.superuser.internal.RootServiceManager,"startRootProcess/2[com.topjohnwu.superuser.internal.ComponentName,java.lang.String]",LOGGING_ENV,1
E:\Siva_Finalproject_NDP_Classes\libsu\service\src\main\java\com\topjohnwu\superuser\internal\RootServiceServer.java,com.topjohnwu.superuser.internal.RootServiceServer$AppObserver,AppObserver/1[java.io.File],name,1
E:\Siva_Finalproject_NDP_Classes\libsu\service\src\main\java\com\topjohnwu\superuser\internal\RootServiceServer.java,com.topjohnwu.superuser.internal.RootServiceServer$AppObserver,"onEvent/2[int,java.lang.String]",name,1
E:\Siva_Finalproject_NDP_Classes\libsu\core\src\main\java\com\topjohnwu\superuser\internal\MainShell.java,com.topjohnwu.superuser.internal.MainShell,get/0,mainBuilder,3
E:\Siva_Finalproject_NDP_Classes\libsu\core\src\main\java\com\topjohnwu\superuser\internal\MainShell.java,com.topjohnwu.superuser.internal.MainShell,get/0,isInitMain,2
E:\Siva_Finalproject_NDP_Classes\libsu\core\src\main\java\com\topjohnwu\superuser\internal\MainShell.java,com.topjohnwu.superuser.internal.MainShell,getCached/0,mainShell,3
E:\Siva_Finalproject_NDP_Classes\libsu\core\src\main\java\com\topjohnwu\superuser\internal\MainShell.java,com.topjohnwu.superuser.internal.MainShell,setBuilder/1[com.topjohnwu.superuser.Shell.Builder],mainBuilder,1
E:\Siva_Finalproject_NDP_Classes\libsu\core\src\main\java\com\topjohnwu\superuser\internal\MainShell.java,com.topjohnwu.superuser.internal.MainShell,setBuilder/1[com.topjohnwu.superuser.Shell.Builder],isInitMain,1
E:\Siva_Finalproject_NDP_Classes\libsu\core\src\main\java\com\topjohnwu\superuser\internal\MainShell.java,com.topjohnwu.superuser.internal.MainShell,setCached/1[com.topjohnwu.superuser.internal.ShellImpl],isInitMain,1
E:\Siva_Finalproject_NDP_Classes\libsu\core\src\main\java\com\topjohnwu\superuser\internal\MainShell.java,com.topjohnwu.superuser.internal.MainShell,setCached/1[com.topjohnwu.superuser.internal.ShellImpl],mainShell,2
E:\Siva_Finalproject_NDP_Classes\libsu\example\src\main\java\com\topjohnwu\libsuexample\AIDLService.java,com.topjohnwu.libsuexample.AIDLService,onCreate/0,uuid,1
E:\Siva_Finalproject_NDP_Classes\libsu\core\src\main\java\com\topjohnwu\superuser\internal\JobImpl.java,com.topjohnwu.superuser.internal.JobImpl,exec0/0,result,1
E:\Siva_Finalproject_NDP_Classes\libsu\core\src\main\java\com\topjohnwu\superuser\internal\JobImpl.java,com.topjohnwu.superuser.internal.JobImpl,exec0/0,err,4
E:\Siva_Finalproject_NDP_Classes\libsu\core\src\main\java\com\topjohnwu\superuser\internal\JobImpl.java,com.topjohnwu.superuser.internal.JobImpl,exec0/0,shell,1
E:\Siva_Finalproject_NDP_Classes\libsu\core\src\main\java\com\topjohnwu\superuser\internal\JobImpl.java,com.topjohnwu.superuser.internal.JobImpl,exec0/0,UNSET_ERR,1
E:\Siva_Finalproject_NDP_Classes\libsu\core\src\main\java\com\topjohnwu\superuser\internal\JobImpl.java,com.topjohnwu.superuser.internal.JobImpl,exec0/0,out,3
E:\Siva_Finalproject_NDP_Classes\libsu\core\src\main\java\com\topjohnwu\superuser\internal\JobImpl.java,com.topjohnwu.superuser.internal.JobImpl,add/1[java.lang.String[]],sources,1
E:\Siva_Finalproject_NDP_Classes\libsu\core\src\main\java\com\topjohnwu\superuser\internal\JobImpl.java,com.topjohnwu.superuser.internal.JobImpl,"run/3[java.io.OutputStream,java.io.InputStream,java.io.InputStream]",sources,1
E:\Siva_Finalproject_NDP_Classes\libsu\core\src\main\java\com\topjohnwu\superuser\internal\JobImpl.java,com.topjohnwu.superuser.internal.JobImpl,"run/3[java.io.OutputStream,java.io.InputStream,java.io.InputStream]",END_CMD,1
E:\Siva_Finalproject_NDP_Classes\libsu\core\src\main\java\com\topjohnwu\superuser\internal\JobImpl.java,com.topjohnwu.superuser.internal.JobImpl,add/1[java.io.InputStream],sources,1
E:\Siva_Finalproject_NDP_Classes\libsu\core\src\main\java\com\topjohnwu\superuser\internal\JobImpl.java,com.topjohnwu.superuser.internal.JobImpl,JobImpl/1[com.topjohnwu.superuser.internal.ShellImpl],shell,1
E:\Siva_Finalproject_NDP_Classes\libsu\core\src\main\java\com\topjohnwu\superuser\internal\JobImpl.java,com.topjohnwu.superuser.internal.JobImpl,"to/2[java.util.List<java.lang.String>,java.util.List<java.lang.String>]",err,1
E:\Siva_Finalproject_NDP_Classes\libsu\core\src\main\java\com\topjohnwu\superuser\internal\JobImpl.java,com.topjohnwu.superuser.internal.JobImpl,"to/2[java.util.List<java.lang.String>,java.util.List<java.lang.String>]",out,1
E:\Siva_Finalproject_NDP_Classes\libsu\core\src\main\java\com\topjohnwu\superuser\internal\JobImpl.java,com.topjohnwu.superuser.internal.JobImpl,close/0,sources,1
E:\Siva_Finalproject_NDP_Classes\libsu\core\src\main\java\com\topjohnwu\superuser\internal\JobImpl.java,com.topjohnwu.superuser.internal.JobImpl,to/1[java.util.List<java.lang.String>],out,1
E:\Siva_Finalproject_NDP_Classes\libsu\core\src\main\java\com\topjohnwu\superuser\internal\ShellInputSource.java,com.topjohnwu.superuser.internal.InputStreamSource,close/0,in,1
E:\Siva_Finalproject_NDP_Classes\libsu\core\src\main\java\com\topjohnwu\superuser\internal\ShellInputSource.java,com.topjohnwu.superuser.internal.InputStreamSource,InputStreamSource/1[java.io.InputStream],in,3
E:\Siva_Finalproject_NDP_Classes\libsu\core\src\main\java\com\topjohnwu\superuser\internal\ShellInputSource.java,com.topjohnwu.superuser.internal.InputStreamSource,serve/1[java.io.OutputStream],in,2
E:\Siva_Finalproject_NDP_Classes\libsu\core\src\main\java\com\topjohnwu\superuser\internal\ShellImpl.java,com.topjohnwu.superuser.internal.ShellImpl,close/0,executor,1
E:\Siva_Finalproject_NDP_Classes\libsu\core\src\main\java\com\topjohnwu\superuser\internal\ShellImpl.java,com.topjohnwu.superuser.internal.ShellImpl,close/0,status,1
E:\Siva_Finalproject_NDP_Classes\libsu\core\src\main\java\com\topjohnwu\superuser\internal\ShellImpl.java,com.topjohnwu.superuser.internal.ShellImpl,isAlive/0,proc,1
E:\Siva_Finalproject_NDP_Classes\libsu\core\src\main\java\com\topjohnwu\superuser\internal\ShellImpl.java,com.topjohnwu.superuser.internal.ShellImpl,isAlive/0,status,1
E:\Siva_Finalproject_NDP_Classes\libsu\core\src\main\java\com\topjohnwu\superuser\internal\ShellImpl.java,com.topjohnwu.superuser.internal.ShellImpl,"ShellImpl/2[com.topjohnwu.superuser.internal.BuilderImpl,java.lang.Process]",redirect,1
E:\Siva_Finalproject_NDP_Classes\libsu\core\src\main\java\com\topjohnwu\superuser\internal\ShellImpl.java,com.topjohnwu.superuser.internal.ShellImpl,"ShellImpl/2[com.topjohnwu.superuser.internal.BuilderImpl,java.lang.Process]",STDIN,1
E:\Siva_Finalproject_NDP_Classes\libsu\core\src\main\java\com\topjohnwu\superuser\internal\ShellImpl.java,com.topjohnwu.superuser.internal.ShellImpl,"ShellImpl/2[com.topjohnwu.superuser.internal.BuilderImpl,java.lang.Process]",proc,1
E:\Siva_Finalproject_NDP_Classes\libsu\core\src\main\java\com\topjohnwu\superuser\internal\ShellImpl.java,com.topjohnwu.superuser.internal.ShellImpl,"ShellImpl/2[com.topjohnwu.superuser.internal.BuilderImpl,java.lang.Process]",STDERR,1
E:\Siva_Finalproject_NDP_Classes\libsu\core\src\main\java\com\topjohnwu\superuser\internal\ShellImpl.java,com.topjohnwu.superuser.internal.ShellImpl,"ShellImpl/2[com.topjohnwu.superuser.internal.BuilderImpl,java.lang.Process]",executor,3
E:\Siva_Finalproject_NDP_Classes\libsu\core\src\main\java\com\topjohnwu\superuser\internal\ShellImpl.java,com.topjohnwu.superuser.internal.ShellImpl,"ShellImpl/2[com.topjohnwu.superuser.internal.BuilderImpl,java.lang.Process]",STDOUT,1
E:\Siva_Finalproject_NDP_Classes\libsu\core\src\main\java\com\topjohnwu\superuser\internal\ShellImpl.java,com.topjohnwu.superuser.internal.ShellImpl,"ShellImpl/2[com.topjohnwu.superuser.internal.BuilderImpl,java.lang.Process]",status,2
E:\Siva_Finalproject_NDP_Classes\libsu\core\src\main\java\com\topjohnwu\superuser\internal\ShellImpl.java,com.topjohnwu.superuser.internal.ShellImpl,shellCheck/0,STDIN,6
E:\Siva_Finalproject_NDP_Classes\libsu\core\src\main\java\com\topjohnwu\superuser\internal\ShellImpl.java,com.topjohnwu.superuser.internal.ShellImpl,shellCheck/0,proc,1
E:\Siva_Finalproject_NDP_Classes\libsu\core\src\main\java\com\topjohnwu\superuser\internal\ShellImpl.java,com.topjohnwu.superuser.internal.ShellImpl,shellCheck/0,STDERR,1
E:\Siva_Finalproject_NDP_Classes\libsu\core\src\main\java\com\topjohnwu\superuser\internal\ShellImpl.java,com.topjohnwu.superuser.internal.ShellImpl,shellCheck/0,STDOUT,2
E:\Siva_Finalproject_NDP_Classes\libsu\core\src\main\java\com\topjohnwu\superuser\internal\ShellImpl.java,com.topjohnwu.superuser.internal.ShellImpl,release/0,STDIN,1
E:\Siva_Finalproject_NDP_Classes\libsu\core\src\main\java\com\topjohnwu\superuser\internal\ShellImpl.java,com.topjohnwu.superuser.internal.ShellImpl,release/0,proc,1
E:\Siva_Finalproject_NDP_Classes\libsu\core\src\main\java\com\topjohnwu\superuser\internal\ShellImpl.java,com.topjohnwu.superuser.internal.ShellImpl,release/0,STDERR,1
E:\Siva_Finalproject_NDP_Classes\libsu\core\src\main\java\com\topjohnwu\superuser\internal\ShellImpl.java,com.topjohnwu.superuser.internal.ShellImpl,release/0,STDOUT,1
E:\Siva_Finalproject_NDP_Classes\libsu\core\src\main\java\com\topjohnwu\superuser\internal\ShellImpl.java,com.topjohnwu.superuser.internal.ShellImpl,release/0,status,1
E:\Siva_Finalproject_NDP_Classes\libsu\core\src\main\java\com\topjohnwu\superuser\internal\ShellImpl.java,com.topjohnwu.superuser.internal.ShellImpl,getStatus/0,status,1
E:\Siva_Finalproject_NDP_Classes\libsu\core\src\main\java\com\topjohnwu\superuser\internal\ShellImpl.java,com.topjohnwu.superuser.internal.ShellImpl,"waitAndClose/2[long,java.util.concurrent.TimeUnit]",executor,2
E:\Siva_Finalproject_NDP_Classes\libsu\core\src\main\java\com\topjohnwu\superuser\internal\ShellImpl.java,com.topjohnwu.superuser.internal.ShellImpl,"waitAndClose/2[long,java.util.concurrent.TimeUnit]",status,2
E:\Siva_Finalproject_NDP_Classes\libsu\core\src\main\java\com\topjohnwu\superuser\internal\ShellImpl.java,com.topjohnwu.superuser.internal.ShellImpl,execTask/1[com.topjohnwu.superuser.Shell.Task],STDIN,3
E:\Siva_Finalproject_NDP_Classes\libsu\core\src\main\java\com\topjohnwu\superuser\internal\ShellImpl.java,com.topjohnwu.superuser.internal.ShellImpl,execTask/1[com.topjohnwu.superuser.Shell.Task],STDERR,2
E:\Siva_Finalproject_NDP_Classes\libsu\core\src\main\java\com\topjohnwu\superuser\internal\ShellImpl.java,com.topjohnwu.superuser.internal.ShellImpl,execTask/1[com.topjohnwu.superuser.Shell.Task],STDOUT,2
E:\Siva_Finalproject_NDP_Classes\libsu\core\src\main\java\com\topjohnwu\superuser\internal\ShellImpl.java,com.topjohnwu.superuser.internal.ShellImpl,execTask/1[com.topjohnwu.superuser.Shell.Task],status,1
E:\Siva_Finalproject_NDP_Classes\libsu\service\src\main\java\com\topjohnwu\superuser\internal\BinderHolder.java,com.topjohnwu.superuser.internal.BinderHolder,binderDied/0,binder,1
E:\Siva_Finalproject_NDP_Classes\libsu\service\src\main\java\com\topjohnwu\superuser\internal\BinderHolder.java,com.topjohnwu.superuser.internal.BinderHolder,BinderHolder/1[com.topjohnwu.superuser.internal.IBinder],binder,2
E:\Siva_Finalproject_NDP_Classes\libsu\nio\src\main\java\com\topjohnwu\superuser\internal\FileContainer.java,com.topjohnwu.superuser.internal.FileContainer,remove/1[int],files,1
E:\Siva_Finalproject_NDP_Classes\libsu\nio\src\main\java\com\topjohnwu\superuser\internal\FileContainer.java,com.topjohnwu.superuser.internal.FileContainer,pidDied/1[int],files,2
E:\Siva_Finalproject_NDP_Classes\libsu\nio\src\main\java\com\topjohnwu\superuser\internal\FileContainer.java,com.topjohnwu.superuser.internal.FileContainer,put/1[com.topjohnwu.superuser.internal.OpenFile],files,2
E:\Siva_Finalproject_NDP_Classes\libsu\nio\src\main\java\com\topjohnwu\superuser\internal\FileContainer.java,com.topjohnwu.superuser.internal.FileContainer,put/1[com.topjohnwu.superuser.internal.OpenFile],nextHandle,1
E:\Siva_Finalproject_NDP_Classes\libsu\nio\src\main\java\com\topjohnwu\superuser\internal\FileContainer.java,com.topjohnwu.superuser.internal.FileContainer,get/1[int],files,1
E:\Siva_Finalproject_NDP_Classes\libsu\nio\src\main\java\com\topjohnwu\superuser\internal\FileContainer.java,com.topjohnwu.superuser.internal.FileContainer,get/1[int],ERROR_MSG,2
