file,class,type,cbo,cboModified,fanin,fanout,wmc,dit,noc,rfc,lcom,lcom*,tcc,lcc,totalMethodsQty,staticMethodsQty,publicMethodsQty,privateMethodsQty,protectedMethodsQty,defaultMethodsQty,visibleMethodsQty,abstractMethodsQty,finalMethodsQty,synchronizedMethodsQty,totalFieldsQty,staticFieldsQty,publicFieldsQty,privateFieldsQty,protectedFieldsQty,defaultFieldsQty,finalFieldsQty,synchronizedFieldsQty,nosi,loc,returnQty,loopQty,comparisonsQty,tryCatchQty,parenthesizedExpsQty,stringLiteralsQty,numbersQty,assignmentsQty,mathOperationsQty,variablesQty,maxNestedBlocksQty,anonymousClassesQty,innerClassesQty,lambdasQty,uniqueWordsQty,modifiers,logStatementsQty
E:\Siva_Finalproject_NDP_Classes\serve\frontend\server\src\main\java\org\pytorch\serve\snapshot\FSSnapshotSerializer.java,org.pytorch.serve.snapshot.FSSnapshotSerializer,class,6,8,2,6,14,1,0,36,19,0.8095238,0.1,0.1,7,3,5,2,0,0,5,0,0,0,3,2,1,2,0,0,2,0,12,73,8,0,1,4,0,10,1,18,3,18,3,0,0,2,58,1,1
E:\Siva_Finalproject_NDP_Classes\serve\frontend\server\src\test\java\org\pytorch\serve\metrics\MetricTest.java,org.pytorch.serve.metrics.MetricTest,class,15,15,0,15,20,1,0,32,25,0.7179488,0.3809524,0.43809524,15,0,15,0,0,0,15,0,0,0,13,0,0,13,0,0,13,0,34,173,0,5,0,0,0,47,60,51,6,42,1,0,0,0,58,1,0
E:\Siva_Finalproject_NDP_Classes\serve\frontend\archive\src\main\java\org\pytorch\serve\archive\DownloadArchiveException.java,org.pytorch.serve.archive.DownloadArchiveException,class,0,3,3,0,2,3,0,0,1,1.0,0.0,0.0,2,0,2,0,0,0,2,0,0,0,1,1,0,1,0,0,1,0,0,9,0,0,0,0,0,0,1,1,0,1,0,0,0,0,41,1,0
E:\Siva_Finalproject_NDP_Classes\serve\serving-sdk\src\main\java\org\pytorch\serve\servingsdk\metrics\DimensionRegistry.java,org.pytorch.serve.servingsdk.metrics.DimensionRegistry,class,0,0,0,0,0,1,0,0,0,NaN,-1.0,-1.0,0,0,0,0,0,0,0,0,0,0,4,4,4,0,0,0,4,0,0,11,0,0,0,0,0,4,0,4,0,4,0,0,1,0,60,1,0
E:\Siva_Finalproject_NDP_Classes\serve\frontend\server\src\main\java\org\pytorch\serve\metrics\configuration\MetricSpecification.java,org.pytorch.serve.metrics.configuration.MetricSpecification,class,0,4,4,0,12,1,0,1,0,0.5416667,0.5,1.0,8,0,8,0,0,0,8,0,0,0,3,0,0,3,0,0,0,0,0,34,4,0,2,0,0,5,0,3,3,3,1,0,0,0,18,1,0
E:\Siva_Finalproject_NDP_Classes\serve\frontend\archive\src\main\java\org\pytorch\serve\archive\model\Manifest.java,org.pytorch.serve.archive.model.Manifest$RuntimeType,enum,2,2,0,2,5,1,0,2,0,0.0,1.0,1.0,3,1,2,0,0,1,3,0,0,0,1,0,0,0,0,1,0,0,1,16,2,1,0,0,0,7,0,1,1,1,2,0,0,0,21,1,0
E:\Siva_Finalproject_NDP_Classes\serve\frontend\archive\src\main\java\org\pytorch\serve\archive\model\ModelVersionNotFoundException.java,org.pytorch.serve.archive.model.ModelVersionNotFoundException,class,1,5,4,1,2,4,0,0,1,1.0,0.0,0.0,2,0,2,0,0,0,2,0,0,0,1,1,0,1,0,0,1,0,0,9,0,0,0,0,0,0,1,1,0,1,0,0,0,0,41,1,0
E:\Siva_Finalproject_NDP_Classes\serve\frontend\server\src\main\java\org\pytorch\serve\openapi\Info.java,org.pytorch.serve.openapi.Info,class,0,2,2,0,9,1,0,0,28,0.7777778,0.11111111,0.11111111,9,0,9,0,0,0,9,0,0,0,4,0,0,4,0,0,0,0,0,32,4,0,0,0,0,0,0,4,0,4,0,0,0,0,13,1,0
E:\Siva_Finalproject_NDP_Classes\serve\frontend\server\src\main\java\org\pytorch\serve\http\RequestTimeoutException.java,org.pytorch.serve.http.RequestTimeoutException,class,0,1,1,0,2,4,0,0,1,1.0,0.0,0.0,2,0,2,0,0,0,2,0,0,0,1,1,0,1,0,0,1,0,0,9,0,0,0,0,0,0,1,1,0,1,0,0,0,0,41,1,0
E:\Siva_Finalproject_NDP_Classes\serve\serving-sdk\src\main\java\org\pytorch\serve\servingsdk\Context.java,org.pytorch.serve.servingsdk.Context,interface,1,7,6,1,2,1,0,0,1,0.0,0.0,0.0,2,0,0,0,0,2,2,0,0,0,0,0,0,0,0,0,0,0,0,4,0,0,0,0,0,0,0,0,0,0,0,0,0,0,23,1,0
E:\Siva_Finalproject_NDP_Classes\serve\frontend\server\src\main\java\org\pytorch\serve\http\messages\DescribeModelResponse.java,org.pytorch.serve.http.messages.DescribeModelResponse,class,7,13,6,7,35,1,0,12,456,0.9355469,0.04032258,0.04032258,32,0,32,0,0,0,32,0,0,0,16,1,0,16,0,0,1,0,1,221,15,0,0,1,0,4,1,20,0,18,1,0,3,0,61,1,1
E:\Siva_Finalproject_NDP_Classes\serve\serving-sdk\src\test\java\org\pytorch\serve\servingsdk\ModelServerEndpointTest.java,org.pytorch.serve.servingsdk.ModelServerEndpointTest,class,16,17,1,16,15,1,0,56,8,0.75,0.0,0.0,8,0,2,6,0,0,2,0,0,0,11,0,0,0,0,11,0,0,0,149,4,2,0,0,4,33,23,28,0,32,2,0,0,4,59,1,0
E:\Siva_Finalproject_NDP_Classes\serve\frontend\archive\src\main\java\org\pytorch\serve\archive\model\ModelNotFoundException.java,org.pytorch.serve.archive.model.ModelNotFoundException,class,1,10,9,1,2,4,0,0,1,1.0,0.0,0.0,2,0,2,0,0,0,2,0,0,0,1,1,0,1,0,0,1,0,0,9,0,0,0,0,0,0,1,1,0,1,0,0,0,0,41,1,0
E:\Siva_Finalproject_NDP_Classes\serve\frontend\server\src\main\java\org\pytorch\serve\http\api\rest\InferenceRequestHandler.java,org.pytorch.serve.http.api.rest.InferenceRequestHandler,class,25,28,3,25,67,2,0,69,76,0.84615386,0.0,0.0,13,1,2,11,0,0,2,0,0,0,1,1,0,1,0,0,1,0,18,201,7,4,19,2,8,56,53,32,1,25,4,0,0,1,103,1,2
E:\Siva_Finalproject_NDP_Classes\serve\serving-sdk\src\main\java\org\pytorch\serve\servingsdk\snapshot\SnapshotSerializer.java,org.pytorch.serve.servingsdk.snapshot.SnapshotSerializer,interface,1,7,6,1,3,1,0,0,3,0.0,0.0,0.0,3,0,0,0,0,3,3,0,0,0,0,0,0,0,0,0,0,0,0,5,0,0,0,0,0,0,0,0,0,0,0,0,0,0,11,1,0
E:\Siva_Finalproject_NDP_Classes\serve\frontend\server\src\main\java\org\pytorch\serve\http\HttpRequestHandler.java,org.pytorch.serve.http.HttpRequestHandler,class,9,12,3,9,15,2,0,13,2,0.5,0.33333334,0.5,4,0,3,0,1,0,4,0,0,0,2,1,0,2,0,0,1,0,11,64,0,0,0,1,0,12,0,5,0,5,2,0,0,0,58,1,10
E:\Siva_Finalproject_NDP_Classes\serve\frontend\server\src\main\java\org\pytorch\serve\ensemble\Dag.java,org.pytorch.serve.ensemble.Dag,class,4,9,5,4,23,1,0,25,36,0.61538464,0.26923078,0.46153846,13,0,13,0,0,0,13,0,0,0,2,0,0,2,0,0,0,0,0,83,11,2,2,0,0,13,1,9,0,9,2,0,0,0,50,1,0
E:\Siva_Finalproject_NDP_Classes\serve\frontend\server\src\main\java\org\pytorch\serve\openapi\PathParameter.java,org.pytorch.serve.openapi.PathParameter,class,2,3,1,2,3,2,0,0,3,0.0,0.0,0.0,3,0,3,0,0,0,3,0,0,0,0,0,0,0,0,0,0,0,0,15,0,0,0,0,0,3,0,5,0,0,0,0,0,0,9,1,0
E:\Siva_Finalproject_NDP_Classes\serve\frontend\archive\src\main\java\org\pytorch\serve\archive\model\s3\AWS4SignerBase.java,org.pytorch.serve.archive.s3.AWS4SignerBase,class,4,6,2,4,27,1,1,36,43,0.9307692,0.022222223,0.022222223,10,9,4,0,6,0,10,0,0,0,13,7,7,0,6,0,9,0,11,130,14,4,4,3,0,36,3,31,6,30,2,0,0,0,168,1,0
E:\Siva_Finalproject_NDP_Classes\serve\frontend\server\src\test\java\org\pytorch\serve\TestUtils.java,org.pytorch.serve.TestUtils$TestHandler,innerclass,7,7,0,7,2,2,0,8,1,0.0,0.0,0.0,2,0,2,0,0,0,2,0,0,0,0,0,0,0,0,0,0,0,1,15,0,0,0,0,0,1,0,5,0,1,0,0,0,0,21,10,1
E:\Siva_Finalproject_NDP_Classes\serve\serving-sdk\src\main\java\org\pytorch\serve\servingsdk\metrics\BaseDimension.java,org.pytorch.serve.servingsdk.metrics.BaseDimension,interface,0,1,1,0,2,1,0,0,1,0.0,0.0,0.0,2,0,0,0,0,2,2,0,0,0,0,0,0,0,0,0,0,0,0,4,0,0,0,0,0,0,0,0,0,0,0,0,0,0,11,1,0
E:\Siva_Finalproject_NDP_Classes\serve\frontend\archive\src\main\java\org\pytorch\serve\archive\model\Manifest.java,org.pytorch.serve.archive.model.Manifest$Model,innerclass,0,0,0,0,17,1,0,0,120,0.8823529,0.05882353,0.05882353,17,0,17,0,0,0,17,0,0,0,8,0,0,8,0,0,0,0,0,60,8,0,0,0,0,0,0,8,0,8,0,0,0,0,18,25,0
E:\Siva_Finalproject_NDP_Classes\serve\plugins\DDBEndPoint\src\test\java\org\pytorch\serve\plugins\ddb\snapshot\DDBSnapshotSerializerTest.java,org.pytorch.serve.plugins.ddb.snapshot.DDBSnapshotSerializerTest,class,19,20,1,19,15,1,0,54,87,0.84000003,0.07692308,0.16483517,15,0,12,1,0,2,14,0,0,0,5,1,1,4,0,0,1,0,6,94,8,0,0,0,0,18,3,26,1,26,0,0,0,0,80,1,0
E:\Siva_Finalproject_NDP_Classes\serve\frontend\server\src\main\java\org\pytorch\serve\metrics\LogMetric.java,org.pytorch.serve.metrics.LogMetric,class,4,7,3,4,7,2,0,18,10,0.8,0.0,0.0,5,0,3,2,0,0,3,0,0,0,2,2,0,2,0,0,2,0,8,42,2,2,0,0,0,11,8,12,8,12,1,0,0,0,31,1,2
E:\Siva_Finalproject_NDP_Classes\serve\frontend\server\src\test\java\org\pytorch\serve\TestUtils.java,org.pytorch.serve.TestUtils,class,15,21,6,15,71,2,0,43,654,0.94894886,0.008403362,0.008403362,37,36,35,2,0,0,35,0,0,0,9,9,0,4,0,5,0,0,24,299,16,1,14,2,0,55,7,54,18,44,2,1,1,0,135,17,1
E:\Siva_Finalproject_NDP_Classes\serve\frontend\server\src\main\java\org\pytorch\serve\wlm\WorkerLifeCycle.java,org.pytorch.serve.wlm.WorkerLifeCycle$ReaderThread,innerclass,6,6,0,6,14,2,0,29,0,0.33333334,1.0,1.0,2,0,2,0,0,0,2,0,0,0,9,4,0,9,0,0,5,0,7,79,0,1,2,3,1,13,3,16,1,14,6,0,0,0,66,26,9
E:\Siva_Finalproject_NDP_Classes\serve\frontend\server\src\main\java\org\pytorch\serve\wlm\WorkerStateListener.java,org.pytorch.serve.wlm.WorkerStateListener,class,1,3,2,1,6,1,0,2,0,0.0,1.0,1.0,2,0,2,0,0,0,2,0,0,0,2,0,0,2,0,0,0,0,0,18,0,0,4,0,0,0,1,2,0,2,2,0,0,0,11,1,0
E:\Siva_Finalproject_NDP_Classes\serve\frontend\server\src\main\java\org\pytorch\serve\ensemble\NodeOutput.java,org.pytorch.serve.ensemble.NodeOutput,class,0,2,2,0,5,1,0,0,0,0.4,0.6,1.0,5,0,5,0,0,0,5,0,0,0,2,0,0,2,0,0,0,0,0,20,2,0,0,0,0,0,0,4,0,2,0,0,0,0,9,1,0
E:\Siva_Finalproject_NDP_Classes\serve\serving-sdk\src\main\java\org\pytorch\serve\servingsdk\ModelServerEndpoint.java,org.pytorch.serve.servingsdk.ModelServerEndpoint,class,4,13,9,4,4,1,3,0,6,0.0,0.0,0.0,4,0,4,0,0,0,4,0,0,0,0,0,0,0,0,0,0,0,0,14,0,0,0,0,0,4,0,0,0,0,0,0,0,0,54,1025,0
E:\Siva_Finalproject_NDP_Classes\serve\frontend\server\src\main\java\org\pytorch\serve\util\TokenType.java,org.pytorch.serve.util.TokenType,enum,0,1,1,0,0,1,0,0,0,0.0,-1.0,-1.0,0,0,0,0,0,0,0,0,0,0,0,0,0,0,0,0,0,0,0,1,0,0,0,0,0,0,0,0,0,0,0,0,0,0,12,1,0
E:\Siva_Finalproject_NDP_Classes\serve\frontend\archive\src\main\java\org\pytorch\serve\archive\model\ModelConfig.java,org.pytorch.serve.archive.model.ModelConfig$ParallelType,enum,1,1,0,1,4,1,0,8,0,0.0,0.33333334,0.33333334,3,1,2,0,0,1,3,0,0,0,1,0,0,1,0,0,0,0,2,18,2,0,0,1,0,5,0,3,0,3,1,0,0,1,18,1,1
E:\Siva_Finalproject_NDP_Classes\serve\frontend\server\src\main\java\org\pytorch\serve\workflow\messages\RegisterWorkflowRequest.java,org.pytorch.serve.workflow.messages.RegisterWorkflowRequest,class,3,4,1,3,8,1,0,3,8,0.65625,0.35714287,1.0,8,0,8,0,0,0,8,0,0,0,4,0,0,4,0,0,0,0,5,33,4,0,0,0,0,9,1,7,0,4,0,0,0,0,20,1,0
E:\Siva_Finalproject_NDP_Classes\serve\frontend\server\src\main\java\org\pytorch\serve\ensemble\InvalidDAGException.java,org.pytorch.serve.ensemble.InvalidDAGException,class,0,1,1,0,1,3,0,0,0,1.0,NaN,NaN,1,0,1,0,0,0,1,0,0,0,1,1,0,1,0,0,1,0,0,6,0,0,0,0,0,0,1,1,0,1,0,0,0,0,12,1,0
E:\Siva_Finalproject_NDP_Classes\serve\frontend\server\src\main\java\org\pytorch\serve\http\TokenAuthorizationHandler.java,org.pytorch.serve.http.TokenAuthorizationHandler,class,10,13,3,10,13,2,0,15,0,0.5833333,0.6666667,1.0,4,1,3,1,0,0,3,0,0,0,6,6,0,6,0,0,1,0,2,62,0,0,3,2,1,14,2,13,0,10,3,0,0,0,79,1,2
E:\Siva_Finalproject_NDP_Classes\serve\plugins\endpoints\src\main\java\org\pytorch\serve\plugins\endpoint\Ping.java,org.pytorch.serve.plugins.endpoint.Ping,class,9,10,1,9,14,2,0,21,3,0.6666667,NaN,NaN,3,0,1,2,0,0,1,0,0,0,2,0,0,2,0,0,0,0,1,49,3,2,2,0,1,13,4,8,0,6,3,0,0,0,40,1,0
E:\Siva_Finalproject_NDP_Classes\serve\frontend\server\src\test\java\org\pytorch\serve\ModelServerTest.java,org.pytorch.serve.ModelServerTest,class,26,27,1,26,177,1,0,124,3714,0.9217002,0.2943355,0.30228758,149,0,135,14,0,0,136,0,0,0,9,2,0,9,0,0,2,0,499,1347,0,3,3,5,0,644,103,245,19,233,4,0,0,2,254,1,0
E:\Siva_Finalproject_NDP_Classes\serve\frontend\server\src\main\java\org\pytorch\serve\ensemble\WorkflowManifest.java,org.pytorch.serve.ensemble.WorkflowManifest,class,2,2,0,2,11,1,0,0,37,0.78181815,0.16363636,0.23636363,11,0,11,0,0,0,11,0,0,0,5,0,0,5,0,0,0,0,0,103,5,0,0,0,0,0,0,7,0,5,0,0,2,0,36,1,0
E:\Siva_Finalproject_NDP_Classes\serve\frontend\server\src\main\java\org\pytorch\serve\wlm\WorkerLifeCycle.java,org.pytorch.serve.wlm.WorkerLifeCycle,class,15,20,5,15,47,2,0,74,35,0.8190476,0.13333334,0.15555556,14,0,10,4,0,0,10,0,0,5,15,3,0,15,0,0,3,0,20,344,8,1,9,5,1,57,13,51,3,44,3,0,1,0,159,1,5
E:\Siva_Finalproject_NDP_Classes\serve\frontend\archive\src\main\java\org\pytorch\serve\archive\model\s3\HttpUtils.java,org.pytorch.serve.archive.s3.HttpUtils,class,4,7,3,4,17,1,0,22,6,0.75,0.0,0.0,4,3,3,1,0,0,3,0,0,0,1,1,0,1,0,0,1,0,6,66,2,1,2,2,0,17,0,11,2,10,4,0,0,0,87,17,1
E:\Siva_Finalproject_NDP_Classes\serve\frontend\server\src\main\java\org\pytorch\serve\http\ErrorResponse.java,org.pytorch.serve.http.ErrorResponse,class,0,3,3,0,6,1,0,0,3,0.5555556,0.4,0.6666667,6,0,6,0,0,0,6,0,0,0,3,0,0,3,0,0,0,0,0,25,3,0,0,0,0,0,0,5,0,3,0,0,0,0,9,1,0
E:\Siva_Finalproject_NDP_Classes\serve\frontend\server\src\main\java\org\pytorch\serve\job\RestJob.java,org.pytorch.serve.job.RestJob,class,22,26,4,22,46,2,0,46,0,0.6666667,0.4,0.6666667,8,0,6,2,0,0,6,0,0,0,9,1,0,9,0,0,6,0,16,148,2,2,26,4,6,12,17,21,10,18,3,0,0,0,86,1,6
E:\Siva_Finalproject_NDP_Classes\serve\frontend\server\src\main\java\org\pytorch\serve\util\codec\ModelRequestEncoder.java,org.pytorch.serve.util.codec.ModelRequestEncoder,class,11,14,3,11,15,2,0,27,10,0.0,0.0,0.0,5,1,1,3,1,0,2,0,0,0,0,0,0,0,0,0,0,0,3,84,2,3,3,0,0,0,9,15,0,10,2,0,0,0,33,1,0
E:\Siva_Finalproject_NDP_Classes\serve\frontend\server\src\main\java\org\pytorch\serve\http\InvalidModelVersionException.java,org.pytorch.serve.http.InvalidModelVersionException,class,0,2,2,0,2,5,0,1,1,1.0,0.0,0.0,2,0,2,0,0,0,2,0,0,0,1,1,0,1,0,0,1,0,0,9,0,0,0,0,0,0,1,1,0,1,0,0,0,0,42,1,0
E:\Siva_Finalproject_NDP_Classes\serve\frontend\server\src\main\java\org\pytorch\serve\http\ServiceUnavailableException.java,org.pytorch.serve.http.ServiceUnavailableException,class,0,3,3,0,1,4,0,0,0,1.0,NaN,NaN,1,0,1,0,0,0,1,0,0,0,1,1,0,1,0,0,1,0,0,6,0,0,0,0,0,0,1,1,0,1,0,0,0,0,26,1,0
E:\Siva_Finalproject_NDP_Classes\serve\frontend\archive\src\main\java\org\pytorch\serve\archive\workflow\InvalidWorkflowException.java,org.pytorch.serve.archive.workflow.InvalidWorkflowException,class,1,3,2,1,2,4,0,0,1,1.0,0.0,0.0,2,0,2,0,0,0,2,0,0,0,1,1,0,1,0,0,1,0,0,9,0,0,0,0,0,0,1,1,0,1,0,0,0,0,41,1,0
E:\Siva_Finalproject_NDP_Classes\serve\frontend\archive\src\test\java\org\pytorch\serve\test\TestHelper.java,org.pytorch.serve.test.TestHelper,class,1,4,3,1,31,1,0,35,6,0.0,NaN,NaN,4,3,1,3,0,0,1,0,0,0,0,0,0,0,0,0,0,0,6,107,11,6,11,3,0,9,13,29,1,22,4,0,0,0,55,17,0
E:\Siva_Finalproject_NDP_Classes\serve\frontend\server\src\main\java\org\pytorch\serve\servingsdk\impl\ModelServerContext.java,org.pytorch.serve.servingsdk.impl.ModelServerContext,class,5,6,1,5,2,1,0,6,1,0.0,0.0,0.0,2,0,2,0,0,0,2,0,0,0,0,0,0,0,0,0,0,0,2,10,2,0,0,0,0,0,0,1,0,3,0,0,0,1,9,1,0
E:\Siva_Finalproject_NDP_Classes\serve\frontend\server\src\main\java\org\pytorch\serve\wlm\WorkerState.java,org.pytorch.serve.wlm.WorkerState,enum,0,5,5,0,0,1,0,0,0,0.0,-1.0,-1.0,0,0,0,0,0,0,0,0,0,0,0,0,0,0,0,0,0,0,0,1,0,0,0,0,0,0,0,0,0,0,0,0,0,0,15,1,0
E:\Siva_Finalproject_NDP_Classes\serve\frontend\server\src\main\java\org\pytorch\serve\workflow\api\http\WorkflowMgmtRequestHandler.java,org.pytorch.serve.workflow.api.http.WorkflowMgmtRequestHandler,class,17,19,2,17,32,2,0,56,45,0.0,0.0,0.0,10,1,2,8,0,0,2,0,0,0,0,0,0,0,0,0,0,0,14,125,5,1,4,1,2,9,16,27,4,21,3,0,0,0,82,1,0
E:\Siva_Finalproject_NDP_Classes\serve\serving-sdk\src\main\java\org\pytorch\serve\servingsdk\metrics\MetricEventPublisher.java,org.pytorch.serve.servingsdk.metrics.MetricEventPublisher,interface,1,3,2,1,2,1,0,0,1,0.0,0.0,0.0,2,0,0,0,0,2,2,0,0,0,0,0,0,0,0,0,0,0,0,4,0,0,0,0,0,0,0,0,0,0,0,0,0,0,12,1,0
E:\Siva_Finalproject_NDP_Classes\serve\frontend\server\src\main\java\org\pytorch\serve\wlm\WorkerThread.java,org.pytorch.serve.wlm.WorkerThread,class,31,38,7,31,101,2,0,121,69,0.87147325,0.3,0.76666665,22,0,16,6,0,0,16,0,0,0,29,5,0,29,0,0,9,0,27,462,23,11,27,6,8,54,55,93,17,83,5,1,1,4,227,1,26
E:\Siva_Finalproject_NDP_Classes\serve\plugins\DDBEndPoint\src\main\java\org\pytorch\serve\plugins\ddb\snapshot\DDBSnapshotSerializer.java,org.pytorch.serve.plugins.ddb.snapshot.DDBSnapshotSerializer,class,14,16,2,14,14,1,0,60,24,0.8194444,0.0952381,0.14285715,8,4,7,1,0,0,7,0,0,0,9,8,2,7,0,0,9,0,12,101,6,0,0,4,0,25,5,30,1,34,2,0,0,5,99,1,11
E:\Siva_Finalproject_NDP_Classes\serve\frontend\server\src\main\java\org\pytorch\serve\metrics\Metric.java,org.pytorch.serve.metrics.Metric,class,3,14,11,3,30,1,0,26,155,0.85950416,0.15151516,0.82251084,22,1,22,0,0,0,22,0,0,0,11,1,0,11,0,0,1,0,4,131,13,3,3,0,0,17,12,26,0,19,3,0,0,0,46,1,0
E:\Siva_Finalproject_NDP_Classes\serve\frontend\server\src\main\java\org\pytorch\serve\util\codec\CodecUtils.java,org.pytorch.serve.util.codec.CodecUtils,class,5,7,2,5,10,1,0,7,10,1.0,0.0,0.0,5,4,4,1,0,0,4,0,0,0,3,3,3,0,0,0,3,0,5,43,4,1,0,0,0,5,8,11,1,10,1,0,0,0,46,17,0
E:\Siva_Finalproject_NDP_Classes\serve\frontend\server\src\main\java\org\pytorch\serve\wlm\ContinuousBatching.java,org.pytorch.serve.wlm.ContinuousBatching,class,12,14,2,12,28,2,0,47,6,0.75,0.0,0.0,4,0,3,1,0,0,3,0,0,0,1,1,0,1,0,0,1,0,3,99,5,4,8,0,1,9,4,14,4,12,4,0,0,0,81,1,3
E:\Siva_Finalproject_NDP_Classes\serve\frontend\server\src\main\java\org\pytorch\serve\metrics\MetricCache.java,org.pytorch.serve.metrics.MetricCache,class,11,25,14,11,13,1,0,25,9,0.71428573,0.2,0.2,7,2,5,2,0,0,5,0,0,0,5,2,0,5,0,0,1,0,7,61,7,1,4,1,0,3,0,9,0,9,1,0,0,0,46,17,2
E:\Siva_Finalproject_NDP_Classes\serve\frontend\server\src\test\java\org\pytorch\serve\EnsembleTest.java,org.pytorch.serve.EnsembleTest,class,13,13,0,13,10,1,0,32,11,0.8333333,0.0952381,0.14285715,6,0,6,0,0,0,7,0,0,0,8,2,0,8,0,0,2,0,12,112,0,0,0,7,0,53,73,30,0,30,1,0,0,0,81,1,0
E:\Siva_Finalproject_NDP_Classes\serve\frontend\archive\src\test\java\org\pytorch\serve\archive\model\ModelConfigTest.java,org.pytorch.serve.archive.model.ModelConfigTest,class,4,4,0,4,2,1,0,19,1,0.0,0.0,0.0,2,0,2,0,0,0,2,0,0,0,0,0,0,0,0,0,0,0,4,36,0,0,0,0,0,3,15,8,0,8,0,0,0,0,16,1,0
E:\Siva_Finalproject_NDP_Classes\serve\serving-sdk\src\main\java\org\pytorch\serve\servingsdk\http\Request.java,org.pytorch.serve.servingsdk.http.Request,interface,0,7,7,0,6,1,0,0,15,0.0,0.0,0.0,6,0,0,0,0,6,6,0,0,0,0,0,0,0,0,0,0,0,0,8,0,0,0,0,0,0,0,0,0,0,0,0,0,0,51,1,0
E:\Siva_Finalproject_NDP_Classes\serve\frontend\server\src\main\java\org\pytorch\serve\openapi\OpenApiUtils.java,org.pytorch.serve.openapi.OpenApiUtils,class,16,20,4,16,36,1,0,49,231,0.0,0.0,0.0,22,21,3,19,0,0,3,0,0,0,0,0,0,0,0,0,0,0,46,353,19,1,0,0,0,361,0,84,15,74,1,0,0,0,250,17,0
E:\Siva_Finalproject_NDP_Classes\serve\serving-sdk\src\main\java\org\pytorch\serve\servingsdk\http\Response.java,org.pytorch.serve.servingsdk.http.Response,interface,0,6,6,0,6,1,0,0,15,0.0,0.0,0.0,6,0,0,0,0,6,6,0,0,0,0,0,0,0,0,0,0,0,0,8,0,0,0,0,0,0,0,0,0,0,0,0,0,0,55,1,0
E:\Siva_Finalproject_NDP_Classes\serve\frontend\server\src\main\java\org\pytorch\serve\snapshot\SnapshotManager.java,org.pytorch.serve.snapshot.SnapshotManager,class,11,15,4,11,27,1,0,40,32,0.7166667,0.0952381,0.0952381,12,2,7,5,0,0,7,0,0,0,5,2,0,5,0,0,1,0,3,118,6,6,0,3,0,20,2,23,4,23,3,0,0,0,73,17,9
E:\Siva_Finalproject_NDP_Classes\serve\frontend\archive\src\main\java\org\pytorch\serve\archive\model\ModelConfig.java,org.pytorch.serve.archive.model.ModelConfig,class,6,14,8,6,80,1,0,31,635,0.9421054,0.04694168,0.09672831,38,1,38,0,0,0,38,0,0,0,20,1,0,20,0,0,1,0,11,526,24,1,0,0,2,41,17,29,0,24,3,0,3,1,202,1,23
E:\Siva_Finalproject_NDP_Classes\serve\frontend\server\src\main\java\org\pytorch\serve\http\api\rest\ApiDescriptionRequestHandler.java,org.pytorch.serve.http.api.rest.ApiDescriptionRequestHandler,class,9,11,2,9,11,2,0,9,4,0.5,0.0,0.0,4,0,2,2,0,0,2,0,0,0,1,0,0,1,0,0,0,0,2,25,2,0,3,0,3,3,5,2,0,2,2,0,0,0,27,1,0
E:\Siva_Finalproject_NDP_Classes\serve\frontend\server\src\main\java\org\pytorch\serve\http\ExtendedSSLHandler.java,org.pytorch.serve.http.ExtendedSSLHandler,class,10,12,2,10,5,2,0,9,0,0.33333334,1.0,1.0,2,0,1,0,1,0,2,0,0,0,3,2,0,3,0,0,2,0,2,22,1,0,0,0,0,2,1,4,0,4,1,0,0,0,50,1,1
E:\Siva_Finalproject_NDP_Classes\serve\frontend\server\src\main\java\org\pytorch\serve\ServerInitializer.java,org.pytorch.serve.ServerInitializer,class,23,25,2,23,11,2,0,13,0,0.16666667,1.0,1.0,2,0,2,0,0,0,2,0,0,0,3,1,0,3,0,0,1,0,5,40,0,0,1,0,0,5,0,16,0,8,2,0,0,0,75,1,1
E:\Siva_Finalproject_NDP_Classes\serve\frontend\server\src\main\java\org\pytorch\serve\util\OSUtils.java,org.pytorch.serve.util.OSUtils,class,0,1,1,0,3,1,0,3,1,0.0,NaN,NaN,2,1,1,1,0,0,1,0,0,0,0,0,0,0,0,0,0,0,1,15,1,0,0,0,0,4,1,3,0,2,1,0,0,0,15,17,0
E:\Siva_Finalproject_NDP_Classes\serve\frontend\server\src\main\java\org\pytorch\serve\http\messages\ListModelsResponse.java,org.pytorch.serve.http.messages.ListModelsResponse,class,1,4,3,1,6,1,0,1,1,0.5,0.46666667,0.46666667,6,0,6,0,0,0,6,0,0,0,2,0,0,2,0,0,0,0,0,44,2,0,0,0,0,0,0,3,0,2,0,0,1,0,15,1,0
E:\Siva_Finalproject_NDP_Classes\serve\serving-sdk\src\main\java\org\pytorch\serve\servingsdk\snapshot\Snapshot.java,org.pytorch.serve.servingsdk.snapshot.Snapshot,class,2,9,7,2,10,1,0,2,11,0.65,0.37777779,1.0,10,0,10,0,0,0,10,0,0,0,4,0,0,4,0,0,0,0,1,38,5,0,0,0,0,4,0,6,1,4,0,0,0,0,15,1,0
E:\Siva_Finalproject_NDP_Classes\serve\frontend\server\src\main\java\org\pytorch\serve\ensemble\WorkFlow.java,org.pytorch.serve.ensemble.WorkFlow,class,9,12,3,9,28,1,0,26,57,0.83333325,0.21794872,1.0,14,1,13,1,0,0,13,0,0,0,9,0,0,9,0,0,0,0,2,127,9,3,1,1,1,29,14,43,5,31,3,0,0,0,61,1,0
E:\Siva_Finalproject_NDP_Classes\serve\frontend\archive\src\main\java\org\pytorch\serve\archive\model\ModelConfig.java,org.pytorch.serve.archive.model.ModelConfig$DeviceType,enum,1,1,0,1,4,1,0,8,0,0.0,0.33333334,0.33333334,3,1,2,0,0,1,3,0,0,0,1,0,0,1,0,0,0,0,2,18,2,0,0,1,0,4,0,3,0,3,1,0,0,1,20,1,1
E:\Siva_Finalproject_NDP_Classes\serve\frontend\server\src\main\java\org\pytorch\serve\metrics\MetricBuilder.java,org.pytorch.serve.metrics.MetricBuilder,class,7,9,2,7,8,1,0,2,1,0.5,NaN,NaN,2,1,1,1,0,0,1,0,1,0,1,1,0,1,0,0,1,0,1,30,7,0,2,0,0,3,0,1,0,1,2,0,2,0,32,17,0
E:\Siva_Finalproject_NDP_Classes\serve\frontend\server\src\main\java\org\pytorch\serve\util\logging\QLogLayout.java,org.pytorch.serve.util.logging.QLogLayout,class,8,9,1,8,15,2,0,19,6,0.0,0.0,0.0,4,2,3,1,0,0,3,0,0,0,0,0,0,0,0,0,0,0,8,45,5,2,5,0,0,13,1,8,1,8,3,0,0,0,116,1,0
E:\Siva_Finalproject_NDP_Classes\serve\frontend\server\src\test\java\org\pytorch\serve\metrics\MetricConfigurationTest.java,org.pytorch.serve.metrics.configuration.MetricConfigurationTest,class,7,7,0,7,6,1,0,20,15,0.0,0.0,0.0,6,0,6,0,0,0,6,0,0,0,0,0,0,0,0,0,0,0,10,65,0,0,0,0,0,41,11,11,0,6,0,0,0,3,25,1,0
E:\Siva_Finalproject_NDP_Classes\serve\frontend\server\src\main\java\org\pytorch\serve\util\ApiUtils.java,org.pytorch.serve.util.ApiUtils,class,28,38,10,28,61,1,0,104,105,0.0,0.0,0.0,15,14,13,2,0,0,13,0,0,0,0,0,0,0,0,0,0,0,23,276,18,5,18,2,4,40,20,80,17,64,4,0,0,3,178,17,0
E:\Siva_Finalproject_NDP_Classes\serve\frontend\server\src\main\java\org\pytorch\serve\util\messages\RequestInput.java,org.pytorch.serve.util.messages.RequestInput,class,1,20,19,1,19,1,0,6,72,0.8515625,0.2,0.56666666,16,0,16,0,0,0,16,0,0,0,8,2,2,6,0,0,2,0,1,68,8,1,0,0,0,2,1,12,1,8,2,0,0,0,45,1,0
E:\Siva_Finalproject_NDP_Classes\serve\frontend\server\src\main\java\org\pytorch\serve\wlm\ModelManager.java,org.pytorch.serve.wlm.ModelManager,class,21,37,16,21,105,1,0,137,245,0.8067227,0.29347825,0.6884058,34,2,24,10,0,0,24,0,0,0,7,2,0,7,0,0,6,0,12,441,32,5,40,2,2,55,25,88,21,70,4,0,0,0,173,17,15
E:\Siva_Finalproject_NDP_Classes\serve\frontend\server\src\test\java\org\pytorch\serve\TestUtils.java,org.pytorch.serve.TestUtils$Anonymous1,anonymous,9,9,0,9,2,1,0,5,0,0.0,NaN,NaN,1,0,1,0,0,0,1,0,0,0,0,0,0,0,0,0,0,0,0,14,0,0,0,0,0,0,1,1,0,1,1,0,0,0,21,-1,0
E:\Siva_Finalproject_NDP_Classes\serve\frontend\server\src\test\java\org\pytorch\serve\util\codec\ModelRequestEncoderTest.java,org.pytorch.serve.util.codec.ModelRequestEncoderTest,class,11,12,1,11,6,1,0,11,6,0.0,0.0,0.0,4,0,2,2,0,0,2,0,0,0,0,0,0,0,0,0,0,0,0,46,0,1,0,2,0,5,33,14,0,14,2,0,0,0,43,1,0
E:\Siva_Finalproject_NDP_Classes\serve\serving-sdk\src\main\java\org\pytorch\serve\servingsdk\Worker.java,org.pytorch.serve.servingsdk.Worker,interface,0,5,5,0,2,1,0,0,1,0.0,0.0,0.0,2,0,0,0,0,2,2,0,0,0,0,0,0,0,0,0,0,0,0,4,0,0,0,0,0,0,0,0,0,0,0,0,0,0,23,1,0
E:\Siva_Finalproject_NDP_Classes\serve\frontend\server\src\main\java\org\pytorch\serve\http\api\rest\ManagementRequestHandler.java,org.pytorch.serve.http.api.rest.ManagementRequestHandler,class,25,27,2,25,50,2,0,61,91,0.0,0.0,0.0,14,0,2,12,0,0,2,0,0,0,0,0,0,0,0,0,0,0,30,197,6,1,11,3,3,24,33,41,3,34,4,0,0,0,110,1,0
E:\Siva_Finalproject_NDP_Classes\serve\frontend\server\src\main\java\org\pytorch\serve\metrics\format\prometheous\PrometheusGauge.java,org.pytorch.serve.metrics.format.prometheous.PrometheusGauge,class,4,8,4,4,3,2,0,10,1,0.33333334,0.33333334,0.33333334,3,0,3,0,0,0,3,0,0,0,1,0,0,1,0,0,1,0,0,13,0,0,0,0,0,1,0,1,1,1,0,0,0,0,14,1,0
E:\Siva_Finalproject_NDP_Classes\serve\frontend\archive\src\main\java\org\pytorch\serve\archive\utils\ArchiveUtils.java,org.pytorch.serve.archive.utils.ArchiveUtils,class,11,19,8,11,17,1,0,14,28,0.875,0.0,0.0,8,7,7,1,0,0,7,0,0,0,2,2,1,1,0,0,2,0,7,69,9,1,0,5,0,7,0,10,2,9,2,0,0,0,77,17,0
E:\Siva_Finalproject_NDP_Classes\serve\frontend\server\src\main\java\org\pytorch\serve\ensemble\WorkflowManifest.java,org.pytorch.serve.ensemble.WorkflowManifest$RuntimeType,enum,2,2,0,2,5,1,0,2,0,0.0,1.0,1.0,3,1,2,0,0,1,3,0,0,0,1,0,0,0,0,1,0,0,1,16,2,1,0,0,0,7,0,1,1,1,2,0,0,0,21,1,0
E:\Siva_Finalproject_NDP_Classes\serve\frontend\server\src\main\java\org\pytorch\serve\job\Job.java,org.pytorch.serve.job.Job,class,3,15,12,3,22,1,2,4,61,0.8095238,0.16483517,0.6043956,14,0,14,0,0,0,14,3,0,0,6,0,0,6,0,0,0,0,2,72,11,0,1,0,0,2,0,7,0,6,1,0,0,0,33,1025,0
E:\Siva_Finalproject_NDP_Classes\serve\serving-sdk\src\main\java\org\pytorch\serve\servingsdk\metrics\DimensionRegistry.java,org.pytorch.serve.servingsdk.metrics.DimensionRegistry$LevelRegistry,innerclass,0,0,0,0,0,1,0,0,0,NaN,-1.0,-1.0,0,0,0,0,0,0,0,0,0,0,3,3,3,0,0,0,3,0,0,5,0,0,0,0,0,3,0,3,0,3,0,0,0,0,13,9,0
E:\Siva_Finalproject_NDP_Classes\serve\frontend\server\src\main\java\org\pytorch\serve\http\ConflictStatusException.java,org.pytorch.serve.http.ConflictStatusException,class,0,3,3,0,2,5,0,1,1,1.0,0.0,0.0,2,0,2,0,0,0,2,0,0,0,1,1,0,1,0,0,1,0,0,9,0,0,0,0,0,0,1,1,0,1,0,0,0,0,42,1,0
E:\Siva_Finalproject_NDP_Classes\serve\frontend\archive\src\test\java\org\pytorch\serve\archive\utils\ArchiveUtilsTest.java,org.pytorch.serve.archive.utils.ArchiveUtilsTest,class,2,2,0,2,5,1,0,2,10,0.0,0.0,0.0,5,0,5,0,0,0,5,0,0,0,0,0,0,0,0,0,0,0,5,27,0,0,0,0,0,14,0,10,1,10,0,0,0,0,48,1,0
E:\Siva_Finalproject_NDP_Classes\serve\frontend\server\src\main\java\org\pytorch\serve\grpcimpl\GRPCInterceptor.java,org.pytorch.serve.grpcimpl.GRPCInterceptor$Anonymous1,anonymous,1,1,0,1,1,1,0,6,0,0.0,NaN,NaN,1,0,1,0,0,0,1,0,0,0,0,0,0,0,0,0,0,0,0,7,0,0,0,0,0,0,0,0,0,0,0,0,0,0,4,-1,1
E:\Siva_Finalproject_NDP_Classes\serve\frontend\server\src\main\java\org\pytorch\serve\util\messages\BaseModelRequest.java,org.pytorch.serve.util.messages.BaseModelRequest,class,1,8,7,1,5,1,2,0,2,0.5,0.4,0.6,5,0,5,0,0,0,5,0,0,0,2,0,0,2,0,0,0,0,0,19,2,0,0,0,0,0,0,3,0,2,0,0,0,0,12,1,0
E:\Siva_Finalproject_NDP_Classes\serve\frontend\server\src\main\java\org\pytorch\serve\util\NettyUtils.java,org.pytorch.serve.util.NettyUtils,class,25,42,17,25,53,1,0,58,114,0.8958333,0.028571429,0.028571429,16,15,15,1,0,0,15,0,0,0,3,3,0,3,0,0,3,0,17,191,12,0,13,6,1,18,9,33,1,32,3,0,0,0,143,17,4
E:\Siva_Finalproject_NDP_Classes\serve\frontend\server\src\main\java\org\pytorch\serve\util\ConfigManager.java,org.pytorch.serve.util.ConfigManager$Anonymous1,anonymous,0,0,0,0,0,1,0,0,0,0.0,-1.0,-1.0,0,0,0,0,0,0,0,0,0,0,0,0,0,0,0,0,0,0,0,2,0,0,0,0,0,0,0,0,0,0,0,0,0,0,0,-1,0
E:\Siva_Finalproject_NDP_Classes\serve\frontend\server\src\main\java\org\pytorch\serve\wlm\WorkerThread.java,org.pytorch.serve.wlm.WorkerThread$Anonymous1,anonymous,4,4,0,4,1,1,0,2,0,0.0,NaN,NaN,1,0,1,0,0,0,1,0,0,0,0,0,0,0,0,0,0,0,0,8,0,0,0,0,0,0,0,1,0,1,0,0,0,0,19,-1,0
E:\Siva_Finalproject_NDP_Classes\serve\serving-sdk\src\main\java\org\pytorch\serve\servingsdk\metrics\MetricEventListenerRegistry.java,org.pytorch.serve.servingsdk.metrics.MetricEventListenerRegistry,class,2,3,1,2,1,1,0,0,0,0.0,NaN,NaN,1,0,1,0,0,0,1,0,0,0,0,0,0,0,0,0,0,0,0,5,0,0,0,0,0,1,0,0,0,0,0,0,0,0,29,1025,0
E:\Siva_Finalproject_NDP_Classes\serve\frontend\server\src\main\java\org\pytorch\serve\workflow\messages\ListWorkflowResponse.java,org.pytorch.serve.workflow.messages.ListWorkflowResponse$WorkFlowItem,innerclass,0,0,0,0,5,1,0,0,0,0.4,0.6,1.0,5,0,5,0,0,0,5,0,0,0,2,0,0,2,0,0,0,0,0,20,2,0,0,0,0,0,0,4,0,2,0,0,0,0,9,9,0
E:\Siva_Finalproject_NDP_Classes\serve\frontend\server\src\main\java\org\pytorch\serve\metrics\format\prometheous\PrometheusHistogram.java,org.pytorch.serve.metrics.format.prometheous.PrometheusHistogram,class,4,7,3,4,3,2,0,10,1,0.33333334,0.33333334,0.33333334,3,0,3,0,0,0,3,0,0,0,1,0,0,1,0,0,1,0,0,13,0,0,0,0,0,1,0,1,1,1,0,0,0,0,14,1,0
E:\Siva_Finalproject_NDP_Classes\serve\frontend\server\src\main\java\org\pytorch\serve\wlm\WorkLoadManager.java,org.pytorch.serve.wlm.WorkLoadManager,class,14,17,3,14,54,1,0,56,0,0.71250004,0.6666667,1.0,10,0,9,1,0,0,9,0,0,0,8,1,0,8,0,0,1,0,8,177,12,6,11,1,4,4,18,50,5,43,5,0,0,3,134,1,4
E:\Siva_Finalproject_NDP_Classes\serve\plugins\DDBEndPoint\src\main\java\org\pytorch\serve\plugins\ddb\snapshot\ddb\DDBClient.java,org.pytorch.serve.plugins.ddb.snapshot.ddb.DDBClient,class,1,3,2,1,5,1,0,1,1,0.33333334,0.0,0.0,3,2,2,1,0,0,2,0,0,2,1,1,0,1,0,0,0,0,0,16,1,0,2,0,0,0,0,2,0,1,1,0,0,0,10,17,0
E:\Siva_Finalproject_NDP_Classes\serve\frontend\server\src\main\java\org\pytorch\serve\util\messages\InputParameter.java,org.pytorch.serve.util.messages.InputParameter,class,1,10,9,1,7,1,0,2,3,0.5714286,0.42857143,0.71428573,7,0,7,0,0,0,7,0,0,0,3,0,0,3,0,0,0,0,0,28,3,0,0,0,0,0,0,5,0,3,0,0,0,0,13,1,0
E:\Siva_Finalproject_NDP_Classes\serve\serving-sdk\src\main\java\org\pytorch\serve\servingsdk\metrics\BaseMetric.java,org.pytorch.serve.servingsdk.metrics.BaseMetric,interface,1,2,1,1,7,1,0,0,21,0.0,0.0,0.0,7,0,0,0,0,7,7,0,0,0,0,0,0,0,0,0,0,0,0,9,0,0,0,0,0,0,0,0,0,0,0,0,0,0,24,1,0
E:\Siva_Finalproject_NDP_Classes\serve\serving-sdk\src\main\java\org\pytorch\serve\servingsdk\metrics\MetricEventListener.java,org.pytorch.serve.servingsdk.metrics.MetricEventListener,interface,1,3,2,1,1,1,0,0,0,0.0,NaN,NaN,1,0,0,0,0,1,1,0,0,0,0,0,0,0,0,0,0,0,0,3,0,0,0,0,0,0,0,0,0,0,0,0,0,0,22,1,0
E:\Siva_Finalproject_NDP_Classes\serve\frontend\archive\src\main\java\org\pytorch\serve\archive\model\ModelException.java,org.pytorch.serve.archive.model.ModelException,class,0,6,6,0,2,3,4,0,1,1.0,0.0,0.0,2,0,2,0,0,0,2,0,0,0,1,1,0,1,0,0,1,0,0,9,0,0,0,0,0,0,1,1,0,1,0,0,0,0,39,1,0
E:\Siva_Finalproject_NDP_Classes\serve\frontend\server\src\main\java\org\pytorch\serve\wlm\BatchAggregator.java,org.pytorch.serve.wlm.BatchAggregator,class,11,16,5,11,36,1,2,47,0,0.5,0.64285713,0.75,8,0,8,0,0,0,8,0,0,0,3,1,0,1,2,0,1,0,3,134,6,5,10,0,1,11,4,19,4,17,4,0,0,0,80,1,5
E:\Siva_Finalproject_NDP_Classes\serve\frontend\server\src\main\java\org\pytorch\serve\workflow\messages\ModelRegistrationResult.java,org.pytorch.serve.workflow.messages.ModelRegistrationResult,class,1,2,1,1,3,1,0,0,0,0.33333334,0.6666667,1.0,3,0,3,0,0,0,3,0,0,0,2,0,0,2,0,0,2,0,0,14,2,0,0,0,0,0,0,2,0,2,0,0,0,0,9,1,0
E:\Siva_Finalproject_NDP_Classes\serve\frontend\server\src\test\java\org\pytorch\serve\WorkflowTest.java,org.pytorch.serve.WorkflowTest,class,18,19,1,18,31,1,0,59,0,0.5,0.7733333,0.8433333,26,0,24,2,0,0,25,0,0,0,2,0,0,2,0,0,0,0,117,287,0,0,0,0,0,107,16,64,6,60,1,0,0,0,112,1,0
E:\Siva_Finalproject_NDP_Classes\serve\frontend\server\src\main\java\org\pytorch\serve\util\messages\ModelLoadModelRequest.java,org.pytorch.serve.util.messages.ModelLoadModelRequest,class,6,9,3,6,7,2,0,11,9,0.7142858,0.2857143,1.0,7,0,7,0,0,0,7,0,0,0,6,0,0,6,0,0,0,0,1,35,6,0,0,0,0,0,0,6,0,6,0,0,0,0,33,1,0
E:\Siva_Finalproject_NDP_Classes\serve\frontend\server\src\main\java\org\pytorch\serve\http\api\rest\OpenInferenceProtocolRequestHandler.java,org.pytorch.serve.http.api.rest.OpenInferenceProtocolRequestHandler,class,10,12,2,10,7,2,0,13,1,0.6,0.0,0.0,2,0,2,0,0,0,2,0,0,0,5,5,0,5,0,0,5,0,6,42,0,0,0,0,0,17,1,12,0,12,1,0,0,0,62,1,1
E:\Siva_Finalproject_NDP_Classes\serve\serving-sdk\src\main\java\org\pytorch\serve\servingsdk\annotations\helpers\EndpointTypes.java,org.pytorch.serve.servingsdk.annotations.helpers.EndpointTypes,enum,0,3,3,0,0,1,0,0,0,0.0,-1.0,-1.0,0,0,0,0,0,0,0,0,0,0,0,0,0,0,0,0,0,0,0,1,0,0,0,0,0,0,0,0,0,0,0,0,0,0,13,1,0
E:\Siva_Finalproject_NDP_Classes\serve\frontend\server\src\main\java\org\pytorch\serve\servingsdk\impl\ModelServerRequest.java,org.pytorch.serve.servingsdk.impl.ModelServerRequest,class,4,6,2,4,7,1,0,9,0,0.42857146,0.61904764,1.0,7,0,7,0,0,0,7,0,0,0,2,0,0,2,0,0,0,0,1,26,6,0,0,0,0,0,0,2,0,2,0,0,0,0,27,1,0
E:\Siva_Finalproject_NDP_Classes\serve\frontend\server\src\main\java\org\pytorch\serve\metrics\MetricManager.java,org.pytorch.serve.metrics.MetricManager,class,5,9,4,5,5,1,0,5,4,0.6,0.16666667,0.16666667,5,2,4,1,0,0,4,0,0,2,2,1,0,2,0,0,1,0,2,20,2,0,0,0,0,0,1,4,0,3,0,0,0,0,22,17,0
E:\Siva_Finalproject_NDP_Classes\serve\frontend\server\src\main\java\org\pytorch\serve\grpcimpl\InferenceImpl.java,org.pytorch.serve.grpcimpl.InferenceImpl$Anonymous1,anonymous,4,4,0,4,7,1,0,9,0,0.0,1.0,1.0,3,0,3,0,0,0,3,0,0,0,1,0,0,1,0,0,0,0,0,25,0,0,3,0,0,5,0,3,0,3,2,0,0,0,28,-1,2
E:\Siva_Finalproject_NDP_Classes\serve\frontend\server\src\main\java\org\pytorch\serve\util\ConnectorType.java,org.pytorch.serve.util.ConnectorType,enum,0,9,9,0,0,1,0,0,0,0.0,-1.0,-1.0,0,0,0,0,0,0,0,0,0,0,0,0,0,0,0,0,0,0,0,1,0,0,0,0,0,0,0,0,0,0,0,0,0,0,13,1,0
E:\Siva_Finalproject_NDP_Classes\serve\frontend\server\src\main\java\org\pytorch\serve\util\logging\JSONPatternLayout.java,org.pytorch.serve.util.logging.JSONPatternLayout,class,7,8,1,7,7,2,0,4,3,0.0,0.0,0.0,3,1,3,0,0,0,3,0,0,0,0,0,0,0,0,0,0,0,0,22,4,1,2,0,0,2,0,3,2,3,2,0,0,0,23,1,0
E:\Siva_Finalproject_NDP_Classes\serve\frontend\server\src\main\java\org\pytorch\serve\metrics\IMetric.java,org.pytorch.serve.metrics.IMetric,class,1,17,16,1,3,1,4,0,3,0.6666667,0.0,0.0,3,0,3,0,0,0,3,2,0,0,4,0,0,0,4,0,0,0,0,14,0,0,0,0,0,0,0,4,0,4,0,0,0,0,11,1025,0
E:\Siva_Finalproject_NDP_Classes\serve\frontend\server\src\main\java\org\pytorch\serve\metrics\Dimension.java,org.pytorch.serve.metrics.Dimension,class,1,7,6,1,6,1,0,0,3,0.5,0.4,0.6666667,6,0,6,0,0,0,6,0,0,0,2,0,0,2,0,0,0,0,0,22,2,0,0,0,0,2,0,4,0,2,0,0,0,0,7,1,0
E:\Siva_Finalproject_NDP_Classes\serve\frontend\archive\src\main\java\org\pytorch\serve\archive\model\Manifest.java,org.pytorch.serve.archive.model.Manifest,class,2,10,8,2,11,1,0,0,37,0.7818182,0.16363636,0.23636363,11,0,11,0,0,0,11,0,0,0,5,0,0,5,0,0,0,0,0,117,5,0,0,0,0,0,0,7,0,5,0,0,2,0,33,1,0
E:\Siva_Finalproject_NDP_Classes\serve\frontend\archive\src\main\java\org\pytorch\serve\archive\utils\HexUtils.java,org.pytorch.serve.archive.utils.HexUtils,class,3,4,1,3,7,1,0,3,3,0.6666667,0.0,0.0,3,2,2,1,0,0,2,0,0,0,1,1,0,1,0,0,1,0,1,24,3,1,1,0,1,1,5,6,3,6,1,0,0,0,28,17,0
E:\Siva_Finalproject_NDP_Classes\serve\frontend\server\src\main\java\org\pytorch\serve\grpcimpl\InferenceImpl.java,org.pytorch.serve.grpcimpl.InferenceImpl,class,29,32,3,29,24,2,0,56,9,0.42857143,0.16666667,0.16666667,7,0,4,3,0,0,4,0,0,0,1,1,0,1,0,0,1,0,9,142,4,1,8,3,3,19,1,27,1,23,3,1,0,4,82,1,5
E:\Siva_Finalproject_NDP_Classes\serve\frontend\server\src\main\java\org\pytorch\serve\grpcimpl\ManagementImpl.java,org.pytorch.serve.grpcimpl.ManagementImpl,class,23,26,3,23,33,2,0,49,25,0.45454547,0.71428573,0.71428573,11,1,7,4,0,0,7,0,0,0,1,1,0,1,0,0,1,0,24,169,0,0,2,6,8,23,3,31,1,29,3,0,0,6,82,1,6
E:\Siva_Finalproject_NDP_Classes\serve\frontend\server\src\main\java\org\pytorch\serve\util\ServerGroups.java,org.pytorch.serve.util.ServerGroups,class,9,11,2,9,21,1,0,18,10,0.71428573,0.39285713,1.0,9,0,8,1,0,0,8,0,1,0,7,1,0,7,0,0,1,0,6,82,4,3,0,2,0,1,6,9,1,9,4,0,0,0,37,1,1
E:\Siva_Finalproject_NDP_Classes\serve\plugins\DDBEndPoint\src\main\java\org\pytorch\serve\plugins\ddb\snapshot\DDBSnapshot.java,org.pytorch.serve.plugins.ddb.snapshot.DDBSnapshot,class,5,7,2,5,11,1,0,0,45,0.8181818,0.09090909,0.09090909,11,0,11,0,0,0,11,0,0,0,5,0,0,5,0,0,0,0,0,39,5,0,0,0,0,1,0,5,0,5,0,0,0,0,16,1,0
E:\Siva_Finalproject_NDP_Classes\serve\frontend\server\src\main\java\org\pytorch\serve\wlm\WorkerInitializationException.java,org.pytorch.serve.wlm.WorkerInitializationException,class,0,3,3,0,2,3,0,0,1,1.0,0.0,0.0,2,0,2,0,0,0,2,0,0,0,1,1,0,1,0,0,1,0,0,9,0,0,0,0,0,0,1,1,0,1,0,0,0,0,35,1,0
E:\Siva_Finalproject_NDP_Classes\serve\frontend\server\src\main\java\org\pytorch\serve\workflow\messages\DescribeWorkflowResponse.java,org.pytorch.serve.workflow.messages.DescribeWorkflowResponse,class,0,2,2,0,15,1,0,0,91,0.86666673,0.06666667,0.06666667,15,0,15,0,0,0,15,0,0,0,7,0,0,7,0,0,0,0,0,53,7,0,0,0,0,0,0,7,0,7,0,0,0,0,18,1,0
E:\Siva_Finalproject_NDP_Classes\serve\frontend\server\src\main\java\org\pytorch\serve\ensemble\DagExecutor.java,org.pytorch.serve.ensemble.DagExecutor,class,15,18,3,15,25,1,0,49,0,0.33333334,1.0,1.0,3,0,2,1,0,0,2,0,0,0,3,1,0,3,0,0,1,0,7,135,3,6,10,2,0,11,6,26,3,23,7,0,0,1,79,1,9
E:\Siva_Finalproject_NDP_Classes\serve\serving-sdk\src\main\java\org\pytorch\serve\servingsdk\metrics\InbuiltMetricsRegistry.java,org.pytorch.serve.servingsdk.metrics.InbuiltMetricsRegistry,class,0,0,0,0,0,1,0,0,0,NaN,-1.0,-1.0,0,0,0,0,0,0,0,0,0,0,16,16,16,0,0,0,16,0,0,18,0,0,0,0,0,16,0,16,0,16,0,0,0,0,76,1,0
E:\Siva_Finalproject_NDP_Classes\serve\frontend\server\src\main\java\org\pytorch\serve\util\ConfigManager.java,org.pytorch.serve.util.ConfigManager$Arguments,innerclass,2,2,0,2,15,1,0,12,71,0.81904763,0.16190477,0.74285716,15,1,15,0,0,0,15,0,0,0,7,0,0,7,0,0,0,0,0,67,8,0,0,0,0,35,0,13,0,8,0,0,0,0,53,25,0
E:\Siva_Finalproject_NDP_Classes\serve\frontend\server\src\main\java\org\pytorch\serve\workflow\api\http\WorkflowInferenceRequestHandler.java,org.pytorch.serve.workflow.api.http.WorkflowInferenceRequestHandler,class,19,21,2,19,17,2,0,35,8,0.6,0.0,0.0,5,1,2,3,0,0,2,0,0,0,1,1,0,1,0,0,1,0,8,65,1,2,3,1,0,4,7,10,0,10,3,0,0,0,69,1,2
E:\Siva_Finalproject_NDP_Classes\serve\plugins\endpoints\src\main\java\org\pytorch\serve\plugins\endpoint\ExecutionParameters.java,org.pytorch.serve.plugins.endpoint.ExecutionParameters,class,7,7,0,7,1,2,0,12,0,0.0,NaN,NaN,1,0,1,0,0,0,1,0,0,0,0,0,0,0,0,0,0,0,2,39,0,0,0,0,1,7,2,3,2,3,0,0,1,0,24,1,0
E:\Siva_Finalproject_NDP_Classes\serve\frontend\server\src\main\java\org\pytorch\serve\metrics\format\prometheous\PrometheusCounter.java,org.pytorch.serve.metrics.format.prometheous.PrometheusCounter,class,4,8,4,4,3,2,0,10,1,0.33333334,0.33333334,0.33333334,3,0,3,0,0,0,3,0,0,0,1,0,0,1,0,0,1,0,0,13,0,0,0,0,0,1,0,1,1,1,0,0,0,0,14,1,0
E:\Siva_Finalproject_NDP_Classes\serve\frontend\archive\src\test\java\org\pytorch\serve\archive\CoverageTest.java,org.pytorch.serve.archive.CoverageTest,class,4,4,0,4,2,1,0,1,1,0.0,0.0,0.0,2,0,2,0,0,0,2,0,0,0,0,0,0,0,0,0,0,0,2,8,0,0,0,0,0,0,0,0,0,0,0,0,0,0,10,1,0
E:\Siva_Finalproject_NDP_Classes\serve\serving-sdk\src\main\java\org\pytorch\serve\servingsdk\metrics\MetricLogEvent.java,org.pytorch.serve.servingsdk.metrics.MetricLogEvent,interface,1,2,1,1,3,1,0,0,3,0.0,0.0,0.0,3,0,0,0,0,3,3,0,0,0,0,0,0,0,0,0,0,0,0,5,0,0,0,0,0,0,0,0,0,0,0,0,0,0,25,1,0
E:\Siva_Finalproject_NDP_Classes\serve\frontend\server\src\main\java\org\pytorch\serve\util\OpenSslKey.java,org.pytorch.serve.util.OpenSslKey,class,3,5,2,3,32,1,0,8,36,0.8888889,NaN,NaN,9,8,1,8,0,0,1,0,0,0,2,2,0,2,0,0,2,0,17,141,23,6,8,0,9,0,73,47,15,27,2,0,0,0,70,17,0
E:\Siva_Finalproject_NDP_Classes\serve\frontend\server\src\main\java\org\pytorch\serve\http\Session.java,org.pytorch.serve.http.Session,class,1,3,2,1,6,1,0,10,0,0.42857146,0.6,1.0,5,0,5,0,0,0,5,0,0,0,7,0,0,7,0,0,0,0,5,41,2,0,0,0,0,7,0,16,2,8,1,0,0,0,24,1,0
E:\Siva_Finalproject_NDP_Classes\serve\frontend\server\src\main\java\org\pytorch\serve\http\InvalidRequestHandler.java,org.pytorch.serve.http.InvalidRequestHandler,class,5,6,1,5,2,2,0,0,1,0.0,0.0,0.0,2,0,2,0,0,0,2,0,0,0,0,0,0,0,0,0,0,0,0,7,0,0,0,0,0,0,0,0,0,0,0,0,0,0,18,1,0
E:\Siva_Finalproject_NDP_Classes\serve\frontend\archive\src\main\java\org\pytorch\serve\archive\workflow\Manifest.java,org.pytorch.serve.archive.workflow.Manifest$Workflow,innerclass,0,0,0,0,7,1,0,0,15,0.7142857,0.14285715,0.14285715,7,0,7,0,0,0,7,0,0,0,3,0,0,3,0,0,0,0,0,25,3,0,0,0,0,0,0,3,0,3,0,0,0,0,10,25,0
E:\Siva_Finalproject_NDP_Classes\serve\frontend\server\src\main\java\org\pytorch\serve\grpcimpl\OpenInferenceProtocolImpl.java,org.pytorch.serve.grpcimpl.OpenInferenceProtocolImpl,class,30,32,2,30,41,2,0,63,1,0.2857143,1.0,1.0,7,1,5,2,0,0,5,0,0,0,1,1,0,1,0,0,1,0,7,195,3,2,9,3,5,54,0,51,2,48,2,0,0,6,91,1,5
E:\Siva_Finalproject_NDP_Classes\serve\frontend\server\src\main\java\org\pytorch\serve\util\ConfigManager.java,org.pytorch.serve.util.ConfigManager,class,16,55,39,16,185,1,0,149,1565,0.977124,0.294824,0.41076604,83,6,70,13,0,0,70,0,0,0,79,71,7,72,0,0,69,0,97,807,92,10,54,14,9,233,30,199,10,167,5,1,1,0,341,17,5
E:\Siva_Finalproject_NDP_Classes\serve\frontend\server\src\main\java\org\pytorch\serve\openapi\Encoding.java,org.pytorch.serve.openapi.Encoding,class,0,1,1,0,10,1,0,0,33,0.77500004,0.13333334,0.13333334,10,0,10,0,0,0,10,0,0,0,4,0,0,4,0,0,0,0,0,35,4,0,0,0,0,0,0,5,0,4,0,0,0,0,14,1,0
E:\Siva_Finalproject_NDP_Classes\serve\frontend\server\src\main\java\org\pytorch\serve\ModelServer.java,org.pytorch.serve.ModelServer$Anonymous1,anonymous,1,1,0,1,1,1,0,1,0,0.0,NaN,NaN,1,0,1,0,0,0,1,0,0,0,0,0,0,0,0,0,0,0,0,5,0,0,0,0,0,0,0,0,0,0,0,0,0,0,1,-1,0
E:\Siva_Finalproject_NDP_Classes\serve\frontend\server\src\main\java\org\pytorch\serve\util\messages\EnvironmentUtils.java,org.pytorch.serve.util.messages.EnvironmentUtils,class,5,9,4,5,27,1,0,43,4,0.6,0.5,0.5,5,4,4,1,0,0,4,0,0,0,2,2,0,2,0,0,1,0,18,104,4,2,7,1,0,24,6,25,2,19,2,0,0,0,44,17,1
E:\Siva_Finalproject_NDP_Classes\serve\frontend\archive\src\test\java\org\pytorch\serve\archive\model\ModelArchiveTest.java,org.pytorch.serve.archive.model.ModelArchiveTest,class,8,8,0,8,16,1,0,30,0,0.2,0.62857145,0.62857145,15,0,15,0,0,0,15,0,0,0,1,1,0,1,0,0,1,0,20,124,0,0,0,1,0,67,0,43,10,43,1,0,0,11,85,1,0
E:\Siva_Finalproject_NDP_Classes\serve\frontend\server\src\test\java\org\pytorch\serve\test\TestHelper.java,TestHelper,class,13,13,0,13,31,1,0,32,6,0.0,NaN,NaN,4,3,1,3,0,0,1,0,0,0,0,0,0,0,0,0,0,0,0,107,11,6,11,3,0,9,13,29,1,22,4,0,0,0,55,17,0
E:\Siva_Finalproject_NDP_Classes\serve\frontend\server\src\main\java\org\pytorch\serve\util\messages\Predictions.java,org.pytorch.serve.util.messages.Predictions,class,1,5,4,1,13,1,0,1,66,0.8461538,0.07692308,0.07692308,13,0,13,0,0,0,13,0,0,0,6,0,0,6,0,0,0,0,0,46,6,0,0,0,0,0,0,6,0,6,0,0,0,0,19,1,0
E:\Siva_Finalproject_NDP_Classes\serve\frontend\archive\src\main\java\org\pytorch\serve\archive\model\s3\AWS4SignerForAuthorizationHeader.java,org.pytorch.serve.archive.s3.AWS4SignerForAuthorizationHeader,class,3,4,1,3,3,2,0,15,1,0.0,0.0,0.0,2,0,2,0,0,0,2,0,0,0,0,0,0,0,0,0,0,0,12,33,1,0,0,0,1,19,1,20,7,20,1,0,0,0,120,1,0
E:\Siva_Finalproject_NDP_Classes\serve\frontend\server\src\main\java\org\pytorch\serve\wlm\WorkerThread.java,org.pytorch.serve.wlm.WorkerThread$WorkerHandler,innerclass,4,4,0,4,5,2,0,7,1,0.0,0.0,0.0,2,0,2,0,0,0,2,0,0,0,0,0,0,0,0,0,0,0,0,23,0,0,0,1,0,5,0,1,1,1,2,0,0,0,30,2,2
E:\Siva_Finalproject_NDP_Classes\serve\frontend\server\src\main\java\org\pytorch\serve\wlm\Model.java,org.pytorch.serve.wlm.Model,class,16,38,22,16,136,1,0,87,1639,0.9501662,0.078265466,0.9053411,63,0,62,1,0,0,62,0,0,1,43,11,10,33,0,0,11,0,18,500,56,3,32,3,1,25,28,97,7,66,4,0,0,0,182,1,11
E:\Siva_Finalproject_NDP_Classes\serve\plugins\endpoints\src\main\java\org\pytorch\serve\plugins\endpoint\ExecutionParameters.java,org.pytorch.serve.plugins.endpoint.ExecutionParameters$ExecutionParametersResponse,innerclass,1,1,0,1,7,1,0,0,3,0.5714286,0.42857143,1.0,7,0,7,0,0,0,7,0,0,0,3,0,0,3,0,0,0,0,0,28,3,0,0,0,0,4,2,6,0,3,0,0,0,0,20,9,0
E:\Siva_Finalproject_NDP_Classes\serve\frontend\server\src\main\java\org\pytorch\serve\util\messages\WorkerCommands.java,org.pytorch.serve.util.messages.WorkerCommands,enum,1,7,6,1,2,1,0,0,0,0.0,1.0,1.0,2,0,1,0,0,1,2,0,0,0,1,0,0,1,0,0,0,0,0,8,1,0,0,0,0,16,0,1,0,1,0,0,0,0,22,1,0
E:\Siva_Finalproject_NDP_Classes\serve\frontend\server\src\main\java\org\pytorch\serve\servingsdk\impl\PluginsManager.java,org.pytorch.serve.servingsdk.impl.PluginsManager,class,8,16,8,8,16,1,0,21,35,0.8,0.3,0.6,10,1,5,5,0,0,5,0,0,0,4,1,0,4,0,0,1,0,3,62,9,2,1,0,6,8,0,10,2,10,4,0,0,0,54,17,4
E:\Siva_Finalproject_NDP_Classes\serve\frontend\server\src\test\java\org\pytorch\serve\wlm\WorkerLifeCycleTest.java,org.pytorch.serve.wlm.WorkerLifeCycleTest,class,10,10,0,10,5,1,0,24,0,0.125,1.0,1.0,4,0,4,0,0,0,4,0,0,0,2,1,0,2,0,0,1,0,6,43,0,0,0,0,0,14,3,13,0,13,1,0,0,0,50,1,0
E:\Siva_Finalproject_NDP_Classes\serve\frontend\archive\src\main\java\org\pytorch\serve\archive\model\ModelArchive.java,org.pytorch.serve.archive.model.ModelArchive,class,9,20,11,9,43,1,0,39,0,0.7346939,0.47435898,0.84615386,14,4,13,1,0,0,13,0,0,0,7,2,0,7,0,0,2,0,23,176,14,0,13,5,0,23,6,31,3,27,3,0,0,0,87,1,8
E:\Siva_Finalproject_NDP_Classes\serve\frontend\server\src\main\java\org\pytorch\serve\http\messages\DescribeModelResponse.java,org.pytorch.serve.http.messages.DescribeModelResponse$JobQueueStatus,innerclass,0,0,0,0,4,1,0,0,2,0.5,0.33333334,0.33333334,4,0,4,0,0,0,4,0,0,0,2,0,0,2,0,0,0,0,0,16,2,0,0,0,0,0,0,2,0,2,0,0,0,0,11,25,0
E:\Siva_Finalproject_NDP_Classes\serve\frontend\server\src\main\java\org\pytorch\serve\metrics\MetricCollector.java,org.pytorch.serve.metrics.MetricCollector,class,10,12,2,10,17,1,0,48,0,0.33333334,1.0,1.0,3,0,2,1,0,0,2,0,0,0,3,1,0,3,0,0,2,0,12,97,0,3,5,5,2,11,5,25,1,22,6,0,0,1,60,1,6
E:\Siva_Finalproject_NDP_Classes\serve\frontend\server\src\main\java\org\pytorch\serve\openapi\OpenApi.java,org.pytorch.serve.openapi.OpenApi,class,2,3,1,2,9,1,0,1,18,0.7083333,0.17857143,0.17857143,8,0,8,0,0,0,8,0,0,0,3,0,0,3,0,0,0,0,0,31,3,0,1,0,0,1,0,5,0,3,1,0,0,0,14,1,0
E:\Siva_Finalproject_NDP_Classes\serve\frontend\server\src\main\java\org\pytorch\serve\openapi\MediaType.java,org.pytorch.serve.openapi.MediaType,class,2,5,3,2,10,1,0,1,12,0.6296297,0.33333334,0.7777778,9,0,9,0,0,0,9,0,0,0,3,0,0,3,0,0,0,0,0,35,3,0,1,0,0,0,0,6,0,3,1,0,0,0,12,1,0
E:\Siva_Finalproject_NDP_Classes\serve\frontend\server\src\main\java\org\pytorch\serve\http\messages\DescribeModelResponse.java,org.pytorch.serve.http.messages.DescribeModelResponse$Worker,innerclass,0,0,0,0,15,1,0,0,91,0.86666673,0.06666667,0.06666667,15,0,15,0,0,0,15,0,0,0,7,0,0,7,0,0,0,0,0,53,7,0,0,0,0,0,0,7,0,7,0,0,0,0,19,25,0
E:\Siva_Finalproject_NDP_Classes\serve\frontend\server\src\main\java\org\pytorch\serve\workflow\messages\ListWorkflowResponse.java,org.pytorch.serve.workflow.messages.ListWorkflowResponse,class,1,3,2,1,6,1,0,1,1,0.5,0.46666667,0.46666667,6,0,6,0,0,0,6,0,0,0,2,0,0,2,0,0,0,0,0,42,2,0,0,0,0,0,0,3,0,2,0,0,1,0,18,1,0
E:\Siva_Finalproject_NDP_Classes\serve\frontend\server\src\main\java\org\pytorch\serve\workflow\WorkflowManager.java,org.pytorch.serve.workflow.WorkflowManager,class,28,33,5,28,44,1,0,84,59,0.8333333,0.23636363,0.25454545,15,2,11,4,0,0,11,0,0,1,6,2,0,6,0,0,5,0,19,250,12,5,12,4,1,28,7,53,9,49,5,0,0,5,128,17,2
E:\Siva_Finalproject_NDP_Classes\serve\plugins\endpoints\src\main\java\org\pytorch\serve\plugins\endpoint\Token.java,org.pytorch.serve.plugins.endpoint.Token,class,11,12,1,11,35,2,0,39,65,0.83333325,0.14285715,0.31868133,14,0,14,0,0,0,14,0,0,0,9,6,0,9,0,0,0,0,11,163,22,0,5,2,2,32,8,38,3,29,2,0,0,0,87,1,0
E:\Siva_Finalproject_NDP_Classes\serve\frontend\server\src\main\java\org\pytorch\serve\wlm\ModelVersionName.java,org.pytorch.serve.wlm.ModelVersionName,class,1,7,6,1,11,1,0,4,0,0.33333334,0.6,0.6666667,6,0,6,0,0,0,6,0,0,0,2,0,0,2,0,0,0,0,0,37,8,0,4,0,7,1,4,7,5,5,1,0,0,0,18,1,0
E:\Siva_Finalproject_NDP_Classes\serve\frontend\archive\src\main\java\org\pytorch\serve\archive\utils\InvalidArchiveURLException.java,org.pytorch.serve.archive.utils.InvalidArchiveURLException,class,0,1,1,0,2,3,0,0,1,1.0,0.0,0.0,2,0,2,0,0,0,2,0,0,0,1,1,0,1,0,0,1,0,0,9,0,0,0,0,0,0,1,1,0,1,0,0,0,0,41,1,0
E:\Siva_Finalproject_NDP_Classes\serve\frontend\server\src\main\java\org\pytorch\serve\http\api\rest\PrometheusMetricsRequestHandler.java,org.pytorch.serve.http.api.rest.PrometheusMetricsRequestHandler,class,12,14,2,12,5,2,0,14,1,0.5,0.0,0.0,2,0,2,0,0,0,2,0,0,0,1,1,0,1,0,0,1,0,2,25,0,0,0,1,0,3,2,6,0,6,2,0,0,0,39,1,1
E:\Siva_Finalproject_NDP_Classes\serve\frontend\server\src\main\java\org\pytorch\serve\http\HttpRequestHandlerChain.java,org.pytorch.serve.http.HttpRequestHandlerChain,class,15,27,12,15,14,1,9,17,13,0.77777773,0.1,0.1,6,0,4,1,1,0,5,1,0,0,3,1,0,1,2,0,1,0,8,62,1,0,0,1,0,12,2,7,1,7,1,0,0,1,63,1025,4
E:\Siva_Finalproject_NDP_Classes\serve\frontend\server\src\main\java\org\pytorch\serve\http\messages\KFV1ModelReadyResponse.java,org.pytorch.serve.http.messages.KFV1ModelReadyResponse,class,0,1,1,0,4,1,0,0,2,0.5,0.33333334,0.33333334,4,0,4,0,0,0,4,0,0,0,2,0,0,2,0,0,0,0,0,16,2,0,0,0,0,0,0,2,0,2,0,0,0,0,11,1,0
E:\Siva_Finalproject_NDP_Classes\serve\frontend\server\src\main\java\org\pytorch\serve\http\messages\ListModelsResponse.java,org.pytorch.serve.http.messages.ListModelsResponse$ModelItem,innerclass,0,0,0,0,6,1,0,0,3,0.5,0.4,0.6666667,6,0,6,0,0,0,6,0,0,0,2,0,0,2,0,0,0,0,0,22,2,0,0,0,0,0,0,4,0,2,0,0,0,0,7,25,0
E:\Siva_Finalproject_NDP_Classes\serve\frontend\server\src\main\java\org\pytorch\serve\metrics\configuration\MetricTypes.java,org.pytorch.serve.metrics.configuration.MetricTypes,class,1,4,3,1,13,1,0,1,3,0.5714286,0.42857143,1.0,7,0,7,0,0,0,7,0,0,0,3,0,0,3,0,0,0,0,0,40,3,3,3,0,0,0,0,3,0,3,2,0,0,0,14,1,0
E:\Siva_Finalproject_NDP_Classes\serve\frontend\archive\src\test\java\org\pytorch\serve\archive\workflow\WorkFlowArchiveTest.java,org.pytorch.serve.archive.workflow.WorkFlowArchiveTest,class,5,5,0,5,5,1,0,9,8,0.6,0.1,0.1,5,0,5,0,0,0,5,0,0,0,1,1,0,1,0,0,1,0,7,28,0,0,0,0,0,17,0,9,0,9,0,0,0,0,48,1,0
E:\Siva_Finalproject_NDP_Classes\serve\frontend\server\src\main\java\org\pytorch\serve\http\messages\RegisterModelRequest.java,org.pytorch.serve.http.messages.RegisterModelRequest,class,6,9,3,6,13,1,0,17,20,0.73076916,0.37179488,1.0,13,0,13,0,0,0,13,0,0,0,12,2,2,10,0,0,2,0,23,76,10,0,0,0,0,22,11,28,6,12,0,0,0,0,56,1,0
E:\Siva_Finalproject_NDP_Classes\serve\frontend\server\src\test\java\org\pytorch\serve\util\ConnectorTest.java,org.pytorch.serve.util.ConnectorTest,class,2,2,0,2,17,1,0,11,105,0.0,0.0,0.0,15,0,15,0,0,0,15,0,0,0,0,0,0,0,0,0,0,0,15,124,0,0,0,2,0,43,0,15,0,15,1,0,0,0,23,1,0
E:\Siva_Finalproject_NDP_Classes\serve\frontend\server\src\test\java\org\pytorch\serve\util\PluginSdkTest.java,org.pytorch.serve.util.PluginSdkTest,class,7,7,0,7,1,1,0,6,0,0.0,NaN,NaN,1,0,1,0,0,0,1,0,0,0,0,0,0,0,0,0,0,0,0,10,0,0,0,0,0,4,0,4,0,4,0,0,0,0,29,1,0
E:\Siva_Finalproject_NDP_Classes\serve\frontend\server\src\main\java\org\pytorch\serve\grpcimpl\GRPCServiceFactory.java,org.pytorch.serve.grpcimpl.GRPCServiceFactory,class,5,6,1,5,5,1,0,0,1,0.0,NaN,NaN,2,1,1,1,0,0,1,0,0,0,0,0,0,0,0,0,0,0,0,21,1,0,0,0,0,0,0,4,0,1,1,0,0,0,19,17,0
E:\Siva_Finalproject_NDP_Classes\serve\frontend\server\src\main\java\org\pytorch\serve\servingsdk\impl\ModelServerModel.java,org.pytorch.serve.servingsdk.impl.ModelServerModel,class,6,7,1,6,5,1,0,9,0,0.0,1.0,1.0,5,0,5,0,0,0,5,0,0,0,1,0,0,1,0,0,1,0,1,20,4,0,0,0,0,0,0,2,0,3,0,0,0,1,12,1,0
E:\Siva_Finalproject_NDP_Classes\serve\frontend\archive\src\main\java\org\pytorch\serve\archive\utils\ZipUtils.java,org.pytorch.serve.archive.utils.ZipUtils,class,4,7,3,4,24,1,0,38,21,0.0,0.0,0.0,7,6,6,1,0,0,6,0,0,0,0,0,0,0,0,0,0,0,11,122,3,3,5,6,2,9,2,34,4,31,4,0,0,0,62,17,0
E:\Siva_Finalproject_NDP_Classes\serve\frontend\server\src\main\java\org\pytorch\serve\ensemble\Node.java,org.pytorch.serve.ensemble.Node,class,1,6,5,1,6,1,0,0,5,0.61111116,0.33333334,0.46666667,6,0,6,0,0,0,6,0,0,0,3,0,0,3,0,0,0,0,0,24,3,0,0,0,0,0,0,4,0,3,0,0,0,0,11,1,0
E:\Siva_Finalproject_NDP_Classes\serve\frontend\server\src\main\java\org\pytorch\serve\http\BadRequestException.java,org.pytorch.serve.http.BadRequestException,class,0,9,9,0,2,5,0,1,1,1.0,0.0,0.0,2,0,2,0,0,0,2,0,0,0,1,1,0,1,0,0,1,0,0,9,0,0,0,0,0,0,1,1,0,1,0,0,0,0,42,1,0
E:\Siva_Finalproject_NDP_Classes\serve\frontend\server\src\main\java\org\pytorch\serve\servingsdk\impl\ModelWorker.java,org.pytorch.serve.servingsdk.impl.ModelWorker,class,2,3,1,2,4,1,0,2,0,0.33333334,0.6666667,1.0,3,0,3,0,0,0,3,0,0,0,2,0,0,2,0,0,0,0,0,14,2,0,1,0,0,0,0,2,0,2,0,0,0,0,10,1,0
E:\Siva_Finalproject_NDP_Classes\serve\frontend\server\src\main\java\org\pytorch\serve\job\JobGroup.java,org.pytorch.serve.job.JobGroup,class,3,8,5,3,5,1,0,4,0,0.5,0.8333333,1.0,4,0,4,0,0,0,4,0,0,0,4,1,0,1,0,3,1,0,0,26,4,0,0,1,0,1,0,4,0,4,1,0,0,0,22,1,1
E:\Siva_Finalproject_NDP_Classes\serve\frontend\server\src\main\java\org\pytorch\serve\metrics\MetricBuilder.java,org.pytorch.serve.metrics.MetricBuilder$MetricMode,enum,0,0,0,0,0,1,0,0,0,0.0,-1.0,-1.0,0,0,0,0,0,0,0,0,0,0,0,0,0,0,0,0,0,0,0,1,0,0,0,0,0,0,0,0,0,0,0,0,0,0,9,1,0
E:\Siva_Finalproject_NDP_Classes\serve\frontend\archive\src\main\java\org\pytorch\serve\archive\model\ModelConfig.java,org.pytorch.serve.archive.model.ModelConfig$TorchRun,innerclass,2,2,0,2,44,1,0,10,231,0.9130436,0.04347826,0.04347826,23,1,23,0,0,0,23,0,0,0,11,0,0,11,0,0,0,0,0,175,17,0,0,0,0,23,9,17,0,14,3,0,0,1,39,9,14
E:\Siva_Finalproject_NDP_Classes\serve\frontend\server\src\main\java\org\pytorch\serve\metrics\configuration\MetricConfiguration.java,org.pytorch.serve.metrics.configuration.MetricConfiguration,class,7,10,3,7,13,1,0,15,18,0.72222227,0.25,0.39285713,9,1,8,1,0,0,8,0,0,0,4,1,0,4,0,0,1,0,0,55,6,1,3,0,0,8,0,9,0,9,1,0,0,0,42,1,1
E:\Siva_Finalproject_NDP_Classes\serve\frontend\server\src\main\java\org\pytorch\serve\snapshot\SnapshotReadException.java,org.pytorch.serve.snapshot.SnapshotReadException,class,0,1,1,0,1,3,0,0,0,1.0,NaN,NaN,1,0,1,0,0,0,1,0,0,0,1,1,0,1,0,0,1,0,0,6,0,0,0,0,0,0,1,1,0,1,0,0,0,0,11,1,0
E:\Siva_Finalproject_NDP_Classes\serve\plugins\DDBEndPoint\src\test\java\org\pytorch\serve\plugins\ddb\snapshot\LocalDynamoDB.java,org.pytorch.serve.plugins.ddb.snapshot.LocalDynamoDB,class,3,5,2,3,10,1,0,17,11,0.6666667,0.6666667,1.0,6,1,0,3,0,3,3,0,0,0,2,0,0,2,0,0,0,0,6,47,3,0,0,3,0,5,1,6,0,6,1,0,0,0,115,17,0
E:\Siva_Finalproject_NDP_Classes\serve\frontend\archive\src\main\java\org\pytorch\serve\archive\workflow\WorkflowException.java,org.pytorch.serve.archive.workflow.WorkflowException,class,0,3,3,0,2,3,2,0,1,1.0,0.0,0.0,2,0,2,0,0,0,2,0,0,0,1,1,0,1,0,0,1,0,0,9,0,0,0,0,0,0,1,1,0,1,0,0,0,0,40,1,0
E:\Siva_Finalproject_NDP_Classes\serve\frontend\server\src\main\java\org\pytorch\serve\openapi\RequestBody.java,org.pytorch.serve.openapi.RequestBody,class,1,3,2,1,9,1,0,2,18,0.7083333,0.17857143,0.17857143,8,0,8,0,0,0,8,0,0,0,3,0,0,3,0,0,0,0,0,31,3,0,1,0,0,0,0,4,0,3,1,0,0,0,16,1,0
E:\Siva_Finalproject_NDP_Classes\serve\frontend\archive\src\main\java\org\pytorch\serve\archive\model\InvalidKeyException.java,org.pytorch.serve.archive.model.InvalidKeyException,class,1,2,1,1,2,4,0,0,1,1.0,0.0,0.0,2,0,2,0,0,0,2,0,0,0,1,1,0,1,0,0,1,0,0,9,0,0,0,0,0,0,1,1,0,1,0,0,0,0,41,1,0
E:\Siva_Finalproject_NDP_Classes\serve\frontend\archive\src\main\java\org\pytorch\serve\archive\model\s3\BinaryUtils.java,org.pytorch.serve.archive.s3.BinaryUtils,class,1,3,2,1,7,1,0,10,3,0.0,0.0,0.0,3,2,2,1,0,0,2,0,0,0,0,0,0,0,0,0,0,0,3,30,2,2,2,0,1,0,11,9,4,6,2,0,0,0,29,17,0
E:\Siva_Finalproject_NDP_Classes\serve\frontend\server\src\main\java\org\pytorch\serve\util\JsonUtils.java,org.pytorch.serve.util.JsonUtils,class,2,2,0,2,1,1,0,5,0,1.0,-1.0,-1.0,1,0,0,1,0,0,0,0,0,0,3,3,3,0,0,0,3,0,0,7,0,0,0,0,0,2,0,3,0,3,0,0,0,0,17,17,0
E:\Siva_Finalproject_NDP_Classes\serve\frontend\server\src\test\java\org\pytorch\serve\util\ConfigManagerTest.java,org.pytorch.serve.util.ConfigManagerTest,class,9,10,1,9,8,1,0,31,15,0.0,0.0,0.0,6,0,5,1,0,0,6,0,0,0,0,0,0,0,0,0,0,0,16,85,1,0,0,0,0,41,5,21,2,21,1,0,0,0,45,1,3
E:\Siva_Finalproject_NDP_Classes\serve\frontend\server\src\main\java\org\pytorch\serve\util\GRPCUtils.java,org.pytorch.serve.util.GRPCUtils,class,1,4,3,1,24,1,0,1,6,0.0,0.0,0.0,4,3,3,1,0,0,3,0,0,0,0,0,0,0,0,0,0,0,0,56,19,0,0,0,0,1,19,0,0,0,2,0,0,0,13,17,0
E:\Siva_Finalproject_NDP_Classes\serve\frontend\server\src\main\java\org\pytorch\serve\wlm\SequenceBatchAggregator.java,org.pytorch.serve.wlm.SequenceBatchAggregator$EventDispatcher,innerclass,5,5,0,5,8,1,0,13,1,0.0,NaN,NaN,2,0,1,1,0,0,1,0,0,0,0,0,0,0,0,0,0,0,2,40,0,1,2,2,0,3,0,3,0,3,5,0,0,2,20,0,2
E:\Siva_Finalproject_NDP_Classes\serve\frontend\server\src\main\java\org\pytorch\serve\util\messages\ModelWorkerResponse.java,org.pytorch.serve.util.messages.ModelWorkerResponse,class,1,7,6,1,8,1,0,1,18,0.7083333,0.17857143,0.17857143,8,0,8,0,0,0,8,0,0,0,3,0,0,3,0,0,0,0,0,28,3,0,0,0,0,0,0,3,0,3,0,0,0,0,13,1,0
E:\Siva_Finalproject_NDP_Classes\serve\frontend\server\src\main\java\org\pytorch\serve\openapi\Operation.java,org.pytorch.serve.openapi.Operation,class,3,5,2,3,21,1,0,3,135,0.85714287,0.10526316,0.14035088,19,0,19,0,0,0,19,0,0,0,7,0,0,7,0,0,0,0,0,72,7,0,2,0,0,0,0,12,0,7,1,0,0,0,25,1,0
E:\Siva_Finalproject_NDP_Classes\serve\frontend\server\src\main\java\org\pytorch\serve\openapi\Path.java,org.pytorch.serve.openapi.Path,class,2,4,2,2,16,1,0,0,104,0.875,0.06666667,0.06666667,16,0,16,0,0,0,16,0,0,0,8,0,0,8,0,0,0,0,0,58,8,0,0,0,0,0,0,8,0,8,0,0,0,0,19,1,0
E:\Siva_Finalproject_NDP_Classes\serve\frontend\server\src\main\java\org\pytorch\serve\http\messages\DescribeModelResponse.java,org.pytorch.serve.http.messages.DescribeModelResponse$Metrics,innerclass,0,0,0,0,6,1,0,0,9,0.6666667,0.2,0.2,6,0,6,0,0,0,6,0,0,0,3,0,0,3,0,0,0,0,0,23,3,0,0,0,0,0,0,3,0,3,0,0,0,0,11,25,0
E:\Siva_Finalproject_NDP_Classes\serve\frontend\server\src\main\java\org\pytorch\serve\wlm\SequenceBatchAggregator.java,org.pytorch.serve.wlm.SequenceBatchAggregator,class,10,14,4,10,31,2,0,38,36,0.7692308,0.2777778,0.5833333,13,0,9,4,0,0,9,0,0,0,8,1,0,8,0,0,1,0,2,147,2,2,7,0,1,3,4,14,4,13,2,0,1,0,102,1,2
E:\Siva_Finalproject_NDP_Classes\serve\frontend\server\src\main\java\org\pytorch\serve\util\codec\ModelResponseDecoder.java,org.pytorch.serve.util.codec.ModelResponseDecoder,class,6,7,1,6,13,2,0,19,0,0.0,1.0,1.0,2,0,1,0,1,0,2,0,0,0,1,0,0,1,0,0,1,0,12,67,8,1,7,1,1,0,2,14,0,8,3,0,0,0,33,1,0
E:\Siva_Finalproject_NDP_Classes\serve\frontend\server\src\main\java\org\pytorch\serve\openapi\QueryParameter.java,org.pytorch.serve.openapi.QueryParameter,class,2,3,1,2,5,2,0,0,10,0.0,0.0,0.0,5,0,5,0,0,0,5,0,0,0,0,0,0,0,0,0,0,0,0,21,0,0,0,0,0,3,0,5,0,0,0,0,0,0,8,1,0
E:\Siva_Finalproject_NDP_Classes\serve\frontend\server\src\main\java\org\pytorch\serve\http\InternalServerException.java,org.pytorch.serve.http.InternalServerException,class,0,8,8,0,2,4,0,0,1,1.0,0.0,0.0,2,0,2,0,0,0,2,0,0,0,1,1,0,1,0,0,1,0,0,9,0,0,0,0,0,0,1,1,0,1,0,0,0,0,43,1,0
E:\Siva_Finalproject_NDP_Classes\serve\frontend\server\src\main\java\org\pytorch\serve\openapi\Response.java,org.pytorch.serve.openapi.Response,class,1,3,2,1,10,1,0,2,8,0.59259266,0.3888889,0.7777778,9,0,9,0,0,0,9,0,0,0,3,0,0,3,0,0,0,0,0,38,3,0,1,0,0,0,0,8,0,3,1,0,0,0,14,1,0
E:\Siva_Finalproject_NDP_Classes\serve\frontend\server\src\test\java\org\pytorch\serve\CoverageTest.java,org.pytorch.serve.CoverageTest,class,3,3,0,3,1,1,0,1,0,0.0,NaN,NaN,1,0,1,0,0,0,1,0,0,0,0,0,0,0,0,0,0,0,1,5,0,0,0,0,0,0,0,0,0,0,0,0,0,0,7,1,0
E:\Siva_Finalproject_NDP_Classes\serve\frontend\server\src\main\java\org\pytorch\serve\servingsdk\impl\ModelServerResponse.java,org.pytorch.serve.servingsdk.impl.ModelServerResponse,class,4,5,1,4,7,1,0,6,0,0.0,1.0,1.0,7,0,7,0,0,0,7,0,0,0,1,0,0,1,0,0,0,0,0,24,1,0,0,0,0,0,0,1,0,1,0,0,0,0,22,1,0
E:\Siva_Finalproject_NDP_Classes\serve\serving-sdk\src\main\java\org\pytorch\serve\servingsdk\ModelServerEndpointException.java,org.pytorch.serve.servingsdk.ModelServerEndpointException,class,0,1,1,0,2,4,0,0,1,0.0,0.0,0.0,2,0,2,0,0,0,2,0,0,0,0,0,0,0,0,0,0,0,0,8,0,0,0,0,0,0,0,0,0,0,0,0,0,0,14,1,0
E:\Siva_Finalproject_NDP_Classes\serve\frontend\server\src\main\java\org\pytorch\serve\snapshot\SnapshotSerializerFactory.java,org.pytorch.serve.snapshot.SnapshotSerializerFactory,class,4,7,3,4,5,1,0,3,1,0.33333334,NaN,NaN,3,2,1,2,0,0,1,0,0,2,1,1,0,1,0,0,0,0,2,17,1,0,2,0,0,0,0,2,0,1,1,0,0,0,9,17,0
E:\Siva_Finalproject_NDP_Classes\serve\frontend\server\src\main\java\org\pytorch\serve\http\StatusResponse.java,org.pytorch.serve.http.StatusResponse,class,1,15,14,1,8,1,0,0,14,0.6666667,0.25,0.39285713,8,0,8,0,0,0,8,0,0,0,3,0,0,3,0,0,0,0,0,29,3,0,0,0,0,0,0,5,0,3,0,0,0,0,11,1,0
E:\Siva_Finalproject_NDP_Classes\serve\frontend\server\src\main\java\org\pytorch\serve\job\GRPCJob.java,org.pytorch.serve.job.GRPCJob,class,28,32,4,28,49,2,0,83,0,0.61111116,0.8666667,1.0,9,0,6,3,0,0,6,0,0,0,6,1,0,6,0,0,3,0,13,190,2,1,10,2,4,37,2,40,3,45,2,0,0,9,100,1,4
E:\Siva_Finalproject_NDP_Classes\serve\frontend\server\src\main\java\org\pytorch\serve\http\InvalidPluginException.java,org.pytorch.serve.http.InvalidPluginException,class,0,1,1,0,2,4,0,0,1,1.0,0.0,0.0,2,0,2,0,0,0,2,0,0,0,1,1,0,1,0,0,1,0,0,9,0,0,0,0,0,1,1,1,0,1,0,0,0,0,38,1,0
E:\Siva_Finalproject_NDP_Classes\serve\frontend\archive\src\main\java\org\pytorch\serve\archive\workflow\Manifest.java,org.pytorch.serve.archive.workflow.Manifest,class,1,4,3,1,9,1,0,0,24,0.75,0.16666667,0.16666667,9,0,9,0,0,0,9,0,0,0,4,0,0,4,0,0,0,0,0,58,4,0,0,0,0,0,0,5,0,4,0,0,1,0,13,1,0
E:\Siva_Finalproject_NDP_Classes\serve\frontend\server\src\main\java\org\pytorch\serve\ModelServer.java,org.pytorch.serve.ModelServer,class,35,42,7,35,67,1,0,144,39,0.79259264,0.4642857,0.75,15,1,8,7,0,0,8,0,0,0,9,1,1,8,0,0,1,0,21,337,14,7,9,9,3,29,20,71,8,66,6,1,0,2,188,1,16
E:\Siva_Finalproject_NDP_Classes\serve\frontend\server\src\main\java\org\pytorch\serve\snapshot\InvalidSnapshotException.java,org.pytorch.serve.snapshot.InvalidSnapshotException,class,0,1,1,0,1,3,0,0,0,1.0,NaN,NaN,1,0,1,0,0,0,1,0,0,0,1,1,0,1,0,0,1,0,0,6,0,0,0,0,0,0,1,1,0,1,0,0,0,0,11,1,0
E:\Siva_Finalproject_NDP_Classes\serve\frontend\server\src\main\java\org\pytorch\serve\util\messages\ModelInferenceRequest.java,org.pytorch.serve.util.messages.ModelInferenceRequest,class,2,6,4,2,6,2,0,2,0,0.0,1.0,1.0,5,0,5,0,0,0,5,0,0,0,1,0,0,1,0,0,0,0,0,21,1,1,0,0,0,0,0,2,0,1,1,0,0,0,19,1,0
E:\Siva_Finalproject_NDP_Classes\serve\frontend\server\src\test\java\org\pytorch\serve\SnapshotTest.java,org.pytorch.serve.SnapshotTest,class,17,18,1,17,43,1,0,72,0,0.7583333,0.7137681,0.8369565,30,0,23,7,0,0,24,0,0,0,4,1,0,4,0,0,1,0,100,293,1,4,2,4,0,90,35,50,0,45,3,0,0,2,105,1,0
E:\Siva_Finalproject_NDP_Classes\serve\serving-sdk\src\main\java\org\pytorch\serve\servingsdk\metrics\MetricPluginException.java,org.pytorch.serve.servingsdk.metrics.MetricPluginException,class,0,1,1,0,2,4,0,0,1,0.0,0.0,0.0,2,0,2,0,0,0,2,0,0,0,0,0,0,0,0,0,0,0,0,8,0,0,0,0,0,0,0,0,0,0,0,0,0,0,7,0,0
E:\Siva_Finalproject_NDP_Classes\serve\frontend\server\src\test\java\org\pytorch\serve\metrics\MetricCacheTest.java,org.pytorch.serve.metrics.MetricCacheTest,class,7,7,0,7,2,1,0,7,1,0.0,0.0,0.0,2,0,2,0,0,0,2,0,0,0,0,0,0,0,0,0,0,0,3,38,0,0,0,0,0,38,0,4,0,4,0,0,0,0,15,1,0
E:\Siva_Finalproject_NDP_Classes\serve\frontend\server\src\main\java\org\pytorch\serve\grpcimpl\GRPCInterceptor.java,org.pytorch.serve.grpcimpl.GRPCInterceptor,class,8,9,1,8,1,1,0,7,0,1.0,NaN,NaN,1,0,1,0,0,0,1,0,0,0,1,1,0,1,0,0,1,0,0,16,1,0,0,0,0,1,0,4,0,4,0,1,0,0,20,1,0
E:\Siva_Finalproject_NDP_Classes\serve\frontend\archive\src\main\java\org\pytorch\serve\archive\workflow\WorkflowArchive.java,org.pytorch.serve.archive.workflow.WorkflowArchive,class,10,16,6,10,31,1,0,25,16,0.7435898,0.4,0.8181818,13,5,11,2,0,0,11,0,0,0,6,2,1,5,0,0,2,0,11,125,9,0,6,5,0,15,0,20,4,17,3,0,0,0,78,1,0
E:\Siva_Finalproject_NDP_Classes\serve\frontend\archive\src\main\java\org\pytorch\serve\archive\workflow\WorkflowNotFoundException.java,org.pytorch.serve.archive.workflow.WorkflowNotFoundException,class,1,5,4,1,2,4,0,0,1,1.0,0.0,0.0,2,0,2,0,0,0,2,0,0,0,1,1,0,1,0,0,1,0,0,9,0,0,0,0,0,0,1,1,0,1,0,0,0,0,42,1,0
E:\Siva_Finalproject_NDP_Classes\serve\frontend\server\src\main\java\org\pytorch\serve\http\ResourceNotFoundException.java,org.pytorch.serve.http.ResourceNotFoundException,class,0,5,5,0,1,4,0,0,0,1.0,NaN,NaN,1,0,1,0,0,0,1,0,0,0,1,1,0,1,0,0,1,0,0,6,0,0,0,0,0,1,1,1,0,1,0,0,0,0,27,1,0
E:\Siva_Finalproject_NDP_Classes\serve\frontend\server\src\main\java\org\pytorch\serve\openapi\Parameter.java,org.pytorch.serve.openapi.Parameter,class,1,6,5,1,20,1,2,0,170,0.9,0.05263158,0.05263158,20,0,20,0,0,0,20,0,0,0,10,0,0,0,10,0,0,0,0,72,10,0,0,0,0,1,0,10,0,10,0,0,0,0,27,1025,0
E:\Siva_Finalproject_NDP_Classes\serve\serving-sdk\src\main\java\org\pytorch\serve\servingsdk\Model.java,org.pytorch.serve.servingsdk.Model,interface,1,6,5,1,4,1,0,0,6,0.0,0.0,0.0,4,0,0,0,0,4,4,0,0,0,0,0,0,0,0,0,0,0,0,6,0,0,0,0,0,0,0,0,0,0,0,0,0,0,39,1,0
E:\Siva_Finalproject_NDP_Classes\serve\frontend\server\src\main\java\org\pytorch\serve\util\Connector.java,org.pytorch.serve.util.Connector,class,18,27,9,18,58,1,0,17,0,0.6269841,0.48333332,1.0,18,2,16,2,0,0,16,0,0,0,7,1,0,7,0,0,0,0,7,154,27,0,7,0,1,17,14,26,8,17,2,0,0,0,66,1,0
E:\Siva_Finalproject_NDP_Classes\serve\frontend\server\src\main\java\org\pytorch\serve\ensemble\WorkflowModel.java,org.pytorch.serve.ensemble.WorkflowModel,class,0,5,5,0,18,1,0,0,103,0.83950627,0.1633987,1.0,18,0,18,0,0,0,18,0,0,0,9,0,0,9,0,0,0,0,0,73,9,0,0,0,0,0,0,17,0,9,0,0,0,0,26,1,0
E:\Siva_Finalproject_NDP_Classes\serve\frontend\server\src\main\java\org\pytorch\serve\openapi\Schema.java,org.pytorch.serve.openapi.Schema,class,2,8,6,2,32,1,0,2,344,0.90804595,0.07635468,0.13054188,29,0,29,0,0,0,29,0,0,0,12,0,0,12,0,0,0,0,0,111,12,0,2,0,0,2,0,17,0,12,2,0,0,0,33,1,0
E:\Siva_Finalproject_NDP_Classes\serve\frontend\server\src\main\java\org\pytorch\serve\ensemble\WorkflowManifest.java,org.pytorch.serve.ensemble.WorkflowManifest$Workflow,innerclass,0,0,0,0,13,1,0,0,66,0.8461538,0.07692308,0.07692308,13,0,13,0,0,0,13,0,0,0,6,0,0,6,0,0,0,0,0,46,6,0,0,0,0,0,0,6,0,6,0,0,0,0,16,25,0
E:\Siva_Finalproject_NDP_Classes\serve\frontend\server\src\main\java\org\pytorch\serve\http\MethodNotAllowedException.java,org.pytorch.serve.http.MethodNotAllowedException,class,0,3,3,0,1,4,0,0,0,1.0,NaN,NaN,1,0,1,0,0,0,1,0,0,0,1,1,0,1,0,0,1,0,0,6,0,0,0,0,0,1,1,1,0,1,0,0,0,0,27,1,0
E:\Siva_Finalproject_NDP_Classes\serve\frontend\server\src\main\java\org\pytorch\serve\metrics\MetricBuilder.java,org.pytorch.serve.metrics.MetricBuilder$MetricType,enum,0,0,0,0,0,1,0,0,0,0.0,-1.0,-1.0,0,0,0,0,0,0,0,0,0,0,0,0,0,0,0,0,0,0,0,1,0,0,0,0,0,0,0,0,0,0,0,0,0,0,12,1,0
E:\Siva_Finalproject_NDP_Classes\serve\frontend\server\src\main\java\org\pytorch\serve\wlm\ModelVersionedRefs.java,org.pytorch.serve.wlm.ModelVersionedRefs,class,6,9,3,6,18,1,0,13,0,0.44444445,0.6944444,0.7777778,9,0,9,0,0,0,9,0,0,0,3,1,0,3,0,0,1,0,2,64,6,0,7,0,0,10,1,9,2,6,1,0,0,0,92,17,3
E:\Siva_Finalproject_NDP_Classes\serve\frontend\archive\src\main\java\org\pytorch\serve\archive\model\InvalidModelException.java,org.pytorch.serve.archive.model.InvalidModelException,class,1,4,3,1,2,4,0,0,1,1.0,0.0,0.0,2,0,2,0,0,0,2,0,0,0,1,1,0,1,0,0,1,0,0,9,0,0,0,0,0,0,1,1,0,1,0,0,0,0,40,1,0
